,title,grade,score,genre,runtime,open_date,director,actor,story,percent,image_link
0,비상선언,12세 관람가,10.00,드라마,"
								140분
							

							
							
								
								",2022.08.03,한재림,"송강호, 이병헌, 전도연","베테랑 형사 팀장 인호(송강호)는 비행기 테러 예고 영상 제보를 받고 사건을 수사하던 중용의자가 실제로 KI501 항공편에 타고 있음을 파악한다.딸의 치료를 위해 비행 공포증임에도 불구하고 하와이로 떠나기로 한 재혁(이병헌)은주변을 맴돌며 위협적인 말을 하는 낯선 이가 신경 쓰인다.인천에서 하와이로 이륙한 KI501 항공편에서 원인불명의 사망자가 나오고,비행기 안은 물론 지상까지 혼란과 두려움의 현장으로 뒤바뀐다.이 소식을 들은 국토부 장관 숙희(전도연)는 대테러센터를 구성하고비행기를 착륙시킬 방법을 찾기 위해 긴급회의를 소집하는데…",,https://movie-phinf.pstatic.net/20220718_224/1658121739465fgRof_JPEG/movie_image.jpg?type=m203_290_2
1,극장판 도라에몽: 진구의 우주소전쟁 리틀스타워즈 2021,전체 관람가,0.00,애니메이션,"
								109분
							

							
							
								
								",2022.08.03,야마구치 스스무,"윤아영, 김정아, 이현주","여름방학 어느 날, 진구가 주운 작은 로켓 안에서 손바닥만 한 우주인 ‘파피’가 나타난다!우주의 머나먼 곳에 있는 작은 별 ‘피리카’의 대통령인 그는반란군에게서 도망쳐 지구에 왔다고 한다.처음에는 너무 작은 ‘파피’의 사이즈에 당황하던 도라에몽과 진구는비밀도구 ‘스몰 라이트’로 작아져서 함께 놀며 친구가 된다.그러나 고래 형태의 우주전함이 ‘파피’를 붙잡기 위해 지구에 나타나 이들을 공격하고,모두를 끌어들인 것에 책임감을 느낀 ‘파피’는 홀로 반란군에 맞서고자 하는데…소중한 친구 ‘파피’와 그의 별을 지키기 위한도라에몽과 친구들의 우주 모험이 시작된다!",,https://movie-phinf.pstatic.net/20220725_123/16587120301802EhkX_JPEG/movie_image.jpg?type=m203_290_2
2,뽀로로 극장판 드래곤캐슬 대모험,전체 관람가,9.33,애니메이션,"
								70분
							

							
							
								
								",2022.07.28,"강승훈, 윤제완","이선, 이미자, 김현지","깊은 산속 드래곤캐슬에꼬마 드래곤 왕 아서의 막강한 힘이 봉인된 보석 ‘드래곤 하트’를 빼앗아왕이 되려는 수상한 마법사 게드가 나타난다.한편, 우연히 ‘드래곤 하트’의 힘을 흡수한 크롱이자이언트 크롱으로 변하면서 뽀로로와 친구들 역시 위험에 처한다.아서와 뽀로로와 친구들은악당 마법사 게드로부터 힘을 되찾고 친구들을 구하기 위해무적의 메카드래곤을 만들어 드래곤캐슬로 향하는데…!뽀로로와 친구들의 판타지 액션 어드벤처!과연 드래곤캐슬과 소중한 친구들을 지켜낼 수 있을까?","0%, 25%, 50%, 25%, 0%",https://movie-phinf.pstatic.net/20220622_63/165588851818770zWk_JPEG/movie_image.jpg?type=m203_290_2
3,초록밤,15세 관람가,9.16,,"

							
							
							
							
							

							
								
								89분
							

							
							
								
								",2022.07.28,윤서진,"이태훈, 김민경, 강길우","밤이 낮보다 어둡지 않고낮이 밤보다 밝지 않은우리 모두가 흩어지고 짙어지는, 여름밤","0%, 29%, 14%, 29%, 29%",https://movie-phinf.pstatic.net/20220708_226/1657245858080kTiKi_JPEG/movie_image.jpg?type=m203_290_2
4,배드 럭 뱅잉,청소년 관람불가,6.00,드라마,"
								106분
							

							
							
								
								",2022.07.28,라두 주데,"카티아 파스칼리우, 클라우디아 이레미아, 올림피아 말라이","마녀재판을 화끈하게 뒤집는 원더우먼이 나타났다!?남편과 합의하에 찍은 섹스 비디오가포르노 사이트에 유출된 사실을뒤늦게 발견한 교사 에미.학생들 사이에서 비디오가 금세 퍼졌고,이를 알게 된 동료 교사들과 학부모들이에미를 해임하기 위해 긴급회의를 소집한다.심판대에 서서 온갖 조롱과 모욕을 당하던에미는 결국 분노를 대폭발시키는데…","0%, 33%, 31%, 22%, 14%",https://movie-phinf.pstatic.net/20220629_279/1656466231264A2s3w_JPEG/movie_image.jpg?type=m203_290_2
5,임파서블 러브,청소년 관람불가,9.24,드라마,"
								135분
							

							
							
								
								",2022.07.28,카트린 코르시니,"비르지니 에피라, 니엘스 슈나이더, 제니 베스","Scene #1. 필연적 만남여자와 남자. 단번에 빠져들어 뜨겁게 타오르다.“우리 사랑은 필연적인 만남이야”Scene #2. 예정된 이별남자가 떠난 후, 여자는 임신을 알게 된다.“아이가 생겼다고 달라지는 건 없어”Scene #3. 잘못된 재회다시 찾아온 남자. 모녀의 인생이 흔들린다.“엄마, 왜 아빠를 사랑했어?”","0%, 17%, 50%, 33%, 0%",https://movie-phinf.pstatic.net/20220708_267/1657259113053x1K2L_JPEG/movie_image.jpg?type=m203_290_2
6,한산: 용의 출현,12세 관람가,8.73,액션,"
								129분
							

							
							
								
								",2022.07.27,김한민,"박해일, 변요한, 안성기","1592년 4월, 조선은 임진왜란 발발 후 단 15일 만에 왜군에 한양을 빼앗기며 절체절명의 위기에 놓인다.조선을 단숨에 점령한 왜군은 명나라로 향하는 야망을 꿈꾸며 대규모 병역을 부산포로 집결시킨다.한편, 이순신 장군은 연이은 전쟁의 패배와 선조마저 의주로 파천하며 수세에 몰린 상황에서도조선을 구하기 위해 전술을 고민하며 출전을 준비한다.하지만 앞선 전투에서 손상을 입은 거북선의 출정이 어려워지고,거북선의 도면마저 왜군의 첩보에 의해 도난 당하게 되는데…왜군은 연승에 힘입어 그 우세로 한산도 앞바다로 향하고,이순신 장군은 조선의 운명을 가를 전투를 위해 필사의 전략을 준비한다.1592년 여름, 음력 7월 8일 한산도 앞바다,압도적인 승리가 필요한 조선의 운명을 건 지상 최고의 해전이 펼쳐진다.","2%, 31%, 38%, 23%, 6%",https://movie-phinf.pstatic.net/20220727_209/1658912961873lVd2W_JPEG/movie_image.jpg?type=m203_290_2
7,아이를 위한 아이,12세 관람가,9.02,,"

							
							
							
							
							

							
								
								96분
							

							
							
								
								",2022.07.21,이승환,"현우석, 박상훈, 정웅인","이제 곧 성인이 되어 보육원 퇴소를 앞둔 도윤 앞에 15년 만에 아버지 승원이 찾아온다.얼떨결에 아버지 집에 들어가 동생을 만나고 한 가족이 된 도윤은 모든 게 어색하지만 티격태격 하면서도 점차 적응해 간다.하지만 갑자기 아버지 승원이 죽게 되면서 호주로 떠날 계획을 미루고 동생 재민의 보호자가 되기로 한다. 그리고 사망보험금을 찾는 과정에서 아버지 승원이 숨겼던 진실을 발견하고 자신의 정체성에 대해 혼란을 겪게 되는데…""나는 새로운 우리가 된 줄 알았지만, 여전히 또 다른 우리 안에 갇혀 있었다”","0%, 0%, 50%, 50%, 0%",https://movie-phinf.pstatic.net/20220623_99/1655977629279pGVYv_JPEG/movie_image.jpg?type=m203_290_2
8,미니언즈2,전체 관람가,7.76,애니메이션,"
								87분
							

							
							
								
								",2022.07.20,카일 발다,"스티브 카렐, 타라지 P. 헨슨, 양자경","세계 최고의 슈퍼 악당을 꿈꾸는 미니보스 ‘그루’와 그를 따라다니는 미니언들.어느 날 그루는 최고의 악당 조직 ‘빌런6’의 마법 스톤을 훔치는데 성공하지만뉴페이스 미니언 ‘오토’의 실수로 스톤을 잃어버리고 빌런6에게 납치까지 당한다.미니보스를 구하기 위해 잃어버린 스톤을 되찾아야 하는 ‘오토’, 그리고 쿵푸를 마스터해야 하는 ‘케빈’, ‘스튜어트’, ‘밥’!올여름 극장가를 점령할 MCU(미니언즈 시네마틱 유니버스)가 돌아온다!","3%, 37%, 35%, 18%, 7%",https://movie-phinf.pstatic.net/20220720_283/1658284839003UzxoT_JPEG/movie_image.jpg?type=m203_290_2
9,외계+인 1부,12세 관람가,7.44,액션,"
								142분
							

							
							
								
								",2022.07.20,최동훈,"류준열, 김우빈, 김태리","2022년 현재, ‘가드’(김우빈)’와 ‘썬더’는 인간의 몸에 가두어진 외계인 죄수를 관리하며 지구에 살고 있다.어느 날, 서울 상공에 우주선이 나타나고형사 ‘문도석’(소지섭)은 기이한 광경을 목격하게 되는데..한편, 630년 전 고려에선 얼치기 도사 ‘무륵’(류준열)과 천둥 쏘는 처자 ‘이안’(김태리)이엄청난 현상금이 걸린 신검을 차지하기 위해 서로를 속고 속이는 가운데신검의 비밀을 찾는 두 신선 ‘흑설’(염정아)과 ‘청운’(조우진),가면 속의 ‘자장’(김의성)도 신검 쟁탈전에 나선다.그리고 우주선이 깊은 계곡에서 빛을 내며 떠오르는데…2022년 인간 속에 수감된 외계인 죄수를 쫓는 이들1391년 고려 말 소문 속의 신검을 차지하려는 도사들시간의 문이 열리고모든 것이 바뀌기 시작했다!","3%, 32%, 34%, 23%, 7%",https://movie-phinf.pstatic.net/20220708_75/16572722362230AyHS_JPEG/movie_image.jpg?type=m203_290_2
10,썸머 필름을 타고!,전체 관람가,7.62,멜로/로맨스,"
								98분
							

							
							
								
								",2022.07.20,마츠모토 소우시,"이토 마리카, 카네코 다이치, 이노리 키라라","시대극 찐팬으로 영화 감독을 꿈꾸는 고교생 ‘맨발’.영화 동아리에서 자신이 기획한 <무사의 청춘>이 탈락되자직접 영화를 만들기 위해 절친 ‘킥보드’, ‘블루 하와이’와 드림팀을 결성한다.우연히 극장에서 만난 미래에서 온 의문의 소년 ‘린타로’를 주인공으로 전격 캐스팅한 ‘맨발’은꿈에 그리던 촬영을 시작하지만 예상치 못한 문제가 터지는데…영화도, 꿈도, 사랑도 Ready Action!최고의 청춘+로맨스x시대극÷SF 걸작이 온다!","2%, 47%, 34%, 14%, 3%",https://movie-phinf.pstatic.net/20220627_271/1656311564441PQ0Jn_JPEG/movie_image.jpg?type=m203_290_2
11,스파이형 모델,15세 관람가,7.38,SF,"
								86분
							

							
							
								
								",2022.07.20,김영일,"주종혁, 이아주, 장현동","취업준비생 형우는 우연히 어떤 남자의 지갑을 찾아준다. 그런데 이 남자 이상하다.병약해 보이는 얼굴은 피투성이고, 지갑엔 엔화가 들어있다.다음날 형우가 또 발견했을 때, 건달 두 명이 이 남자를 쫓아 으슥한 곳으로 들어간다.잠시 후 다가가 보니 건달들은 피투성이가 돼서 쓰러져 있고, 의문의 남자는 흔적도 없이 사라졌다.결국 형우는 그 남자를 찾으러 가고, 상상조차 못한 세계로 한발짝씩 들어간다.","0%, 100%, 0%, 0%, 0%",https://movie-phinf.pstatic.net/20220627_204/1656323018950cpmNb_JPEG/movie_image.jpg?type=m203_290_2
12,로스트 도터,15세 관람가,7.68,드라마,"
								122분
							

							
							
								
								",2022.07.14,매기 질렌할,"올리비아 콜맨, 다코타 존슨, 제시 버클리","그리스로 혼자 휴가를 떠난 대학 교수 레다는딸을 가진 젊은 여자 니나를 보고 단번에 시선을 빼앗긴다.매일 같은 해변에서 시간을 보내며 서로를 응시하던 두 사람,갑자기 니나의 딸이 사라지고 레다는 옛 기억을 떠올린다.","1%, 32%, 41%, 18%, 9%",https://movie-phinf.pstatic.net/20220714_114/1657780525423jmTpw_JPEG/movie_image.jpg?type=m203_290_2
13,군다,전체 관람가,7.90,다큐멘터리,"
								93분
							

							
							
								
								",2022.07.14,빅토르 코사코프스키,,"돼지, 소, 닭의 평온한 일상은인간을 대자연의 세계로 초대한다","0%, 25%, 50%, 12%, 12%",https://movie-phinf.pstatic.net/20220628_282/1656381331221VmPay_JPEG/movie_image.jpg?type=m203_290_2
14,명탐정 코난: 할로윈의 신부,12세 관람가,9.50,애니메이션,"
								110분
							

							
							
								
								",2022.07.13,미츠나카 스스무,,"극악무도한 폭파범 ‘플라먀’에 의해 교묘한 함정에 빠진 아무로 토오루!모든 것이 베일에 가려진 ‘플라먀’,유일한 단서는 아무로 토오루가 그의 경찰 동기들과 마지막으로 함께 했던 하루.이와 동시에 결혼식의 신부가 된 경시청의 사토 형사는 불길한 예감을 감출 수 없는데…도시 전체를 인질로 삼은 ‘플라먀’,그리고 이를 막으려 하는 아무로 토오루와 명탐정 코난의 숨 막히는 공조!다시 시작된 카운트다운, 할로윈의 밤이 광란으로 빛난다!","18%, 52%, 18%, 10%, 3%",https://movie-phinf.pstatic.net/20220704_246/16569027452369rlGb_JPEG/movie_image.jpg?type=m203_290_2
15,엘비스,15세 관람가,8.89,드라마,"
								159분
							

							
							
								
								",2022.07.13,바즈 루어만,"오스틴 버틀러, 톰 행크스","미국 남부 멤피스에서 트럭을 몰며 음악의 꿈을 키우던 19살의 무명 가수 ‘엘비스’.지역 라디오의 작은 무대에 서게 된 ‘엘비스’는 어디서도 본 적 없는 몸짓과 퍼포먼스로 무대를 압도하고,그에게 매료된 관객들에게 뜨거운 환호성을 받는다.쇼 비즈니스 업계에서 일하던 ‘톰 파커’는 이를 목격하고‘엘비스’에게 스타로 만들어주겠다고 약속하며 함께할 것을 제안한다.자신이 자라난 동네에서 보고 들은 흑인음악을 접목시킨독특한 음색과 리듬, 강렬한 퍼포먼스, 화려한 패션까지그의 모든 것이 대중을 사로잡으며 ‘엘비스’는 단숨에 스타의 반열에 올라선다.그러나 시대를 앞서 나간 치명적이고 반항적인 존재감은 혼란스러운 시대 상황과 갈등을 빚게 되고지금껏 쌓아온 모든 것이 한순간에 무너질 수 있다고 압박하는 ‘톰 파커’까지 가세해‘엘비스’는 그의 뜻과는 다른 선택을 하게 된다.이로 인해 평생을 함께한 매니저 ‘톰 파커’와의 관계도 조금씩 어긋나기 시작하는데…","2%, 40%, 31%, 18%, 8%",https://movie-phinf.pstatic.net/20220701_282/1656663610600xPG8g_JPEG/movie_image.jpg?type=m203_290_2
16,멘,청소년 관람불가,6.26,드라마,"
								100분
							

							
							
								
								",2022.07.13,알렉스 가랜드,"제시 버클리, 로리 키니어","남편의 죽음 이후, 마음을 치유하기 위해평화롭고 아름다운 영국 시골 마을을 찾은 '하퍼'어느 순간부터 집 주변의 숲에서 온 정체 모를 누군가,아니 '무언가'가 그를 따라다니기 시작한다.공포에 질린 '하퍼'는 마을 사람들에게 도움을 청하지만경찰관, 목사, 바텐더, 심지어 어린 소년까지그들 모두 기묘한 반응을 보이는데…","3%, 30%, 48%, 11%, 8%",https://movie-phinf.pstatic.net/20220707_165/1657169975163XPUtD_JPEG/movie_image.jpg?type=m203_290_2
17,체리마호: 30살까지 동정이면 마법사가 될 수 있대,12세 관람가,8.92,판타지,"
								104분
							

							
							
								
								",2022.07.13,카자마 히로키,"아카소 에이지, 마치다 케이타, 유타로","30살까지 ‘동정’이라는 이유로 사람의 마음을 읽는 마법사가 된 ‘아다치’와이로 인해 7년 짝사랑의 진심을 들켜버린 ‘쿠로사와’는 그 누구보다 달달한 사내 연애 중이다.하지만 비밀스럽고도 행복한 시간도 잠시, ‘아다치’의 갑작스러운 전근으로 장거리 커플이 된 둘은연애 최대 위기를 맞게 되고, 서로가 없는 미래는 상상할 수 없다는 것을 깨닫게 된다.두근거리는 동거의 시작… 이대로 평생 함께?알콩달콩한 동거 생활이 시작됐지만, 두 사람의 사랑은 여전히 산 넘어 산!우리 연애 이대로 괜찮을까…?마법이 이어준 소중한 마음♥심장에는 유해한, BUT 세상 가장 무해한순도 100% 하트워밍 로맨스가 온다!","11%, 33%, 50%, 6%, 0%",https://movie-phinf.pstatic.net/20220617_88/1655433224572NW3gA_JPEG/movie_image.jpg?type=m203_290_2
18,그레이 맨,15세 관람가,8.39,액션,"
								127분
							

							
							
								
								",2022.07.13,"앤서니 루소, 조 루소","라이언 고슬링, 크리스 에반스, 아나 데 아르마스","그 누구도 실체를 몰라 `그레이 맨`으로 불리는 CIA의 암살 전문 요원이 우연히 CIA의 감추고 싶은 비밀을 알게 되고, CIA의 사주를 받은 소시오패스 전 동료에게 쫓기며 시작되는 액션 블록버스터","1%, 28%, 39%, 18%, 14%",https://movie-phinf.pstatic.net/20220707_187/165715990860275QAG_JPEG/movie_image.jpg?type=m203_290_2
19,큐어,15세 관람가,8.37,범죄,"
								111분
							

							
							
								
								",2022.07.06,구로사와 기요시,"야쿠쇼 코지, 하기와라 마사토, 우지키 츠요시","도쿄 지역에서 동일한 방식의 엽기적인 연쇄 살인사건이 발생한다.놀라운 것은 체포된 범인들이 하나같이 회사원, 교사, 경찰, 의사 등 평범한 사람들이라는 것.평소 아무 문제가 없던 사람들이 똑같은 방식으로 살인을 저지른 것에 의문을 품은다카베 형사(야쿠쇼 고지)는 이들이 모두 한 남자를 만난 후범행을 저질렀다는 사실을 알게 된다.","1%, 38%, 39%, 17%, 5%",https://movie-phinf.pstatic.net/20220616_130/16553712403865Gw57_JPEG/movie_image.jpg?type=m203_290_2
20,토르: 러브 앤 썬더,12세 관람가,6.55,액션,"
								119분
							

							
							
								
								",2022.07.06,타이카 와이티티,"크리스 헴스워스, 나탈리 포트만, 테사 톰슨","슈퍼 히어로 시절이여, 안녕!이너피스를 위해 자아 찾기 여정을 떠난 천둥의 신 ‘토르’그러나, 우주의 모든 신들을 몰살하려는 신 도살자 ‘고르’의 등장으로‘토르’의 안식년 계획은 산산조각 나버린다.‘토르’는 새로운 위협에 맞서기 위해,‘킹 발키리’, ‘코르그’, 그리고 전 여자친구 ‘제인’과 재회하게 되는데,그녀가 묠니르를 휘두르는 ‘마이티 토르’가 되어 나타나 모두를 놀라게 한다.이제, 팀 토르는 ‘고르’의 복수에 얽힌 미스터리를 밝히고더 큰 전쟁을 막기 위한 전 우주적 스케일의 모험을 시작하는데...우주 최고의 ‘갓’ 매치가 시작된다!","3%, 39%, 37%, 17%, 4%",https://movie-phinf.pstatic.net/20220706_263/1657071698045SKrKH_JPEG/movie_image.jpg?type=m203_290_2
21,프리! 더 파이널 스트로크 후편,전체 관람가,8.45,애니메이션,"
								107분
							

							
							
								
								",2022.06.30,카와나미 에이사쿠,"시마자키 노부나가, 스즈키 타츠히사, 미야노 마모루","처음 나간 세계 대회가 끝난 후,하루카는 《절대 왕자》 알베르트의 수영에 사로잡혀자유를 잃고 만다.「너는 왜 수영을 하고 있는 거지?」수영의 의미, 그리고 자신과 물의 관계에 대해 고민하며하루카는 괴로움에 발버둥 치면서혼자 어두운 물 밑바닥으로 가라앉아 간다.마음이 에이는 듯한 충동에 내몰려혹독한 훈련을 선택하고오로지 연습에만 몰두하는 하루카.몸도 마음도 혹사하고 있다는 건하루카 자신도 이미 충분히 느끼고 있었기에동료들은 그런 하루카를 믿고 지켜볼 수밖에 없었다.뇌리에 선명하게 떠오르는알베르트의 차갑고 건조한 수영.좀 더 빠르고 좀 더 강해져야 해.다시 한번 알베르트와 싸워야만 해.하루카의 뻗어 나가는 스트로크가무겁고 냉연한 물을 가른다.그런 하루카에게 다가가는 동료들.헤엄친 그 끝에 하루카가 보게 된 풍경은-!","12%, 62%, 12%, 12%, 4%",https://movie-phinf.pstatic.net/20220615_181/16552812707039HIoY_JPEG/movie_image.jpg?type=m203_290_2
22,컴온 컴온,12세 관람가,7.79,드라마,"
								109분
							

							
							
								
								",2022.06.30,마이크 밀스,"호아킨 피닉스, 우디 노먼, 가비 호프만","어린이의 삶과 미래에 대해 인터뷰하는 라디오 저널리스트 조니.어머니의 죽음 이후 오랜 시간 등돌리고 살던 여동생 비브의 부탁으로육아 난이도 극상에 어디로 튈지 모르는 9살 조카 제시를 돌보게 된다.뜻하지 않게 즐거운 시간과 슬픔의 시간,조용한 밤과 흥미로운 낮 시간을 함께하게 된 둘.조니는 제시에게도 인터뷰를 시도하지만도리어 질문 세례를 받고 마음 깊은 곳에 숨겨둔 과거를 꺼내게 되는데...이 변화무쌍한 세상 속에 어쩐지 우리, 진짜 가족이 된 것만 같다!","1%, 42%, 36%, 16%, 6%",https://movie-phinf.pstatic.net/20220614_201/1655192237871xmy9i_JPEG/movie_image.jpg?type=m203_290_2
23,보통의 용기,전체 관람가,8.30,다큐멘터리,"
								92분
							

							
							
								
								",2022.06.30,구민정,"공효진, 이천희, 전혜진","대한민국 최고의 로코퀸 ‘공효진’모델, 배우 그리고 가구 사업가로 거듭난 ‘이천희’아역 배우 출신의 11년 차 전업 주부 ‘전혜진’선한 영향력을 행사해온 ‘환경 삼총사’가 지구를 위해 뭉쳤다!탄소 없는 생활을 해보겠다며무작정 떠난 에너지 자립섬 죽도!해변에서 수많은 플라스틱 병을 발견한 후무작정 생수병 회사에 전화를 거는가 하면심지어 나무 만 그루 심기까지 도전하게 되는데!공효진 X 이천희 X 전혜진의 탄소 제로 프로젝트!이들은 대체 왜 이렇게까지 지구에 진심인걸까?!","0%, 0%, 100%, 0%, 0%",https://movie-phinf.pstatic.net/20220628_134/16563843056000BKLR_JPEG/movie_image.jpg?type=m203_290_2
24,러브: 무삭제판,청소년 관람불가,5.50,멜로/로맨스,"
								134분
							

							
							
								
								",2022.06.30,가스파 노에,"칼 글루스맨, 아오미 뮈요크, 클라라 크리스틴",,"10%, 40%, 0%, 50%, 0%",https://movie-phinf.pstatic.net/20220707_271/1657180651444q8mIt_JPEG/movie_image.jpg?type=m203_290_2
25,눈감은 여름,12세 관람가,7.00,드라마,"
								99분
							

							
							
								
								",2022.06.30,카오 투이 니,,"'하'는 어릴 때 헤어진 아버지를 찾아 일본, 히가시카와에 오게 된다.그곳에서 우연히 '아키라'를 만나고, 그를 통해 아버지의 부고를 전해 듣는다.아버지가 베트남으로 꾸준히 보내 주신 사진 속의 장소를 찾아다니던 하는아키라가 자신에게 털어놓지 않았던 진실과 마주하는데...",,https://movie-phinf.pstatic.net/20220616_40/1655371511275DeBEK_JPEG/movie_image.jpg?type=m203_290_2
26,헤어질 결심,15세 관람가,8.66,멜로/로맨스,"
								138분
							

							
							
								
								",2022.06.29,박찬욱,"박해일, 탕웨이, 이정현","산 정상에서 추락한 한 남자의 변사 사건.담당 형사 '해준'(박해일)은사망자의 아내 '서래'(탕웨이)와 마주하게 된다.""산에 가서 안 오면 걱정했어요, 마침내 죽을까 봐.""남편의 죽음 앞에서 특별한 동요를 보이지 않는 '서래'.경찰은 보통의 유가족과는 다른 '서래'를 용의선상에 올린다.'해준'은 사건 당일의 알리바이 탐문과 신문,잠복수사를 통해 '서래'를 알아가면서그녀에 대한 관심이 점점 커져가는 것을 느낀다.한편, 좀처럼 속을 짐작하기 어려운 '서래'는상대가 자신을 의심한다는 것을 알면서도조금의 망설임도 없이 '해준'을 대하는데….진심을 숨기는 용의자용의자에게 의심과 관심을 동시에 느끼는 형사그들의 <헤어질 결심>","4%, 40%, 35%, 14%, 6%",https://movie-phinf.pstatic.net/20220607_129/16545872892918GA4h_JPEG/movie_image.jpg?type=m203_290_2
27,위대한 침묵,12세 관람가,8.79,다큐멘터리,"
								124분
							

							
							
								
								",2022.06.29,송상민,,2017년 3월 10일대한민국 제18대 대통령 박근혜 탄핵 결정국민들은 빙산의 일각과도 같은 언론의 정보 속에진정한 ‘알 권리’를 잃었다대한민국 역사상 초유의 사태 속에서우리가 놓친 것은 무엇인가?아직 공개되지 않은 국과수와 검찰 조사자료아무도 모르는 모든 증거들이 낱낱이 공개된다!,"0%, 0%, 40%, 40%, 20%",https://movie-phinf.pstatic.net/20220602_213/1654135914421oLx11_JPEG/movie_image.jpg?type=m203_290_2
28,모어,15세 관람가,9.22,다큐멘터리,"
								81분
							

							
							
								
								",2022.06.23,이일하,"모지민, 존 카메론 미첼, 예브게니 슈테판","발레리나, 뮤지컬 배우, 안무가, 작가누군가의 자식, 친구, 연인성소수자, 드랙퀸, 끼순이그리고 토슈즈 신는 미친X…이 세상 어디에도 속할 수 없는 나인생은 쇼, 내 이름은 모어!진짜 튀는 무대를 보여줄게!","3%, 29%, 53%, 11%, 5%",https://movie-phinf.pstatic.net/20220607_79/1654593346304cTwrD_JPEG/movie_image.jpg?type=m203_290_2
29,니얼굴,전체 관람가,9.39,다큐멘터리,"
								86분
							

							
							
								
								",2022.06.23,서동일,정은혜,"어느 뜨거운 여름, 집에서 뜨개질만 하던 은혜씨가양평 문호리리버마켓의 인기 셀러로 거듭난다“예쁘게 그려주세요”“원래 예쁜데요 뭘~”예쁜 얼굴도 안 예쁘게 그려주는 은혜씨 앞에4천 명의 사람들이 환하게 웃음 짓는다","0%, 27%, 41%, 9%, 23%",https://movie-phinf.pstatic.net/20220523_118/1653272228021DOt1t_JPEG/movie_image.jpg?type=m203_290_2
30,우스운게 딱! 좋아!,15세 관람가,7.36,드라마,"
								101분
							

							
							
								
								",2022.06.23,"김현, 정혜연","이민구, 김휘규, 이태희","눈치 없는 성구 때문에 울화통이 치미는 현,전 남자친구에게 청첩장을 받은 소연,서로 자기 말만 하는 가족들과 하루종일 지지고 볶는 민정,죽은 친구의 은밀한 물건을 숨겨야 하는 소연.웃기고 열받고 공감되고 손에 땀을 쥐게 하는,본격 MZ 고군분투 코미디!우리 인생에서 가장 발칙한 순간들을 만난다.","0%, 25%, 38%, 38%, 0%",https://movie-phinf.pstatic.net/20220530_1/1653896440794fECn8_JPEG/movie_image.jpg?type=m203_290_2
31,탑건: 매버릭,12세 관람가,9.77,액션,"
								130분
							

							
							
								
								",2022.06.22,조셉 코신스키,"톰 크루즈, 마일즈 텔러, 제니퍼 코넬리",최고의 파일럿이자 전설적인 인물 매버릭(톰 크루즈)은 자신이 졸업한 훈련학교 교관으로 발탁된다.그의 명성을 모르던 팀원들은 매버릭의 지시를 무시하지만 실전을 방불케 하는 상공 훈련에서 눈으로 봐도 믿기 힘든 전설적인 조종 실력에 모두가 압도된다.매버릭의 지휘아래 견고한 팀워크를 쌓아가던 팀원들에게 국경을 뛰어넘는 위험한 임무가 주어지자매버릭은 자신이 가르친 동료들과 함께 마지막이 될 지 모를 하늘 위 비행에 나서는데…,"3%, 34%, 37%, 21%, 6%",https://movie-phinf.pstatic.net/20220509_176/1652081912471yhg3N_JPEG/movie_image.jpg?type=m203_290_2
32,경아의 딸,15세 관람가,8.75,,"

							
							
							
							
							

							
								
								119분
							

							
							
								
								",2022.06.16,김정은,"김정영, 하윤경, 김우겸","홀로 살아가는 경아에게 힘이 되어주는 유일한 존재인딸 연수는 독립한 뒤로 얼굴조차 보기 어렵다.그러던 어느 날, 헤어진 남자친구가 유출한 동영상 하나에 연수의 평범한 일상이 무너져버리고이 사건은 잔잔했던 모녀의 삶에 걷잡을 수 없는 파동을 일으키는데…“엄마 탓 아니야. 내 탓도 아니고”","0%, 33%, 33%, 29%, 5%",https://movie-phinf.pstatic.net/20220607_114/1654565233313wzQgI_JPEG/movie_image.jpg?type=m203_290_2
33,실종,청소년 관람불가,7.72,스릴러,"
								123분
							

							
							
								
								",2022.06.15,가타야마 신조,"사토 지로, 이토 아오이, 시미즈 히로야","수배 중인 연쇄살인마를 목격한 후 포상금을 탈 생각에 들떠있던 아빠 ‘사토시’어느 날, 아무런 흔적도 없이 사라져버린다.딸 ‘카에데’는 유일한 가족인 아빠를 찾아 나서고,아빠의 일터에서 아빠의 이름을 쓰고 있는 한 남자를 발견한다.그리고 그가 바로 아빠가 사라지기 전 목격한연쇄살인마라는 사실을 알게 되고 그를 쫓기 시작하는데…","1%, 30%, 42%, 13%, 14%",https://movie-phinf.pstatic.net/20220520_113/1653016295848sqpsY_JPEG/movie_image.jpg?type=m203_290_2
34,마녀(魔女) Part2. The Other One,15세 관람가,6.65,액션,"
								137분
							

							
							
								
								",2022.06.15,박훈정,"신시아, 박은빈, 서은수","’자윤’이 사라진 뒤,정체불명의 집단의 무차별 습격으로 마녀 프로젝트가 진행되고 있는 ‘아크’가 초토화된다.그곳에서 홀로 살아남은 ‘소녀’는 생애 처음 세상 밖으로 발을 내딛고 우연히 만난 ‘경희’의 도움으로 농장에서 지내며 따뜻한 일상에 적응해간다.한편, ‘소녀’가 망실되자 행방을 쫓는 책임자 ‘장’과 마녀 프로젝트의 창시자 ‘백총괄’의 지령을 받고 제거에 나선 본사 요원 ‘조현’, ‘경희’의 농장 소유권을 노리는 조직의 보스 ‘용두’와 상해에서 온 의문의 4인방까지 각기 다른 목적을 지닌 세력이 하나 둘 모여들기 시작하면서 ‘소녀’ 안에 숨겨진 본성이 깨어나는데…모든 것의 시작,더욱 거대하고 강력해진 마녀가 온다.","3%, 34%, 39%, 18%, 6%",https://movie-phinf.pstatic.net/20220615_63/1655270906406BGdFF_JPEG/movie_image.jpg?type=m203_290_2
35,베르네 부인의 장미정원,12세 관람가,8.87,드라마,"
								95분
							

							
							
								
								",2022.06.09,피에르 피노드,"카트린 프로, 팟사 부야메드, 올리비아 코트","프랑스 최고의 원예사 에브 베르네는대를 이어 장미정원을 운영해오고 있다.하지만 장미를 공산품 취급하는 사업가 라마르젤에 밀려명성과 고객은 물론, 자신의 정원까지 모두 빼앗길 위기에 처한다.신입 원예사를 뽑아 정원을 지키려 하지만경력도 지식도 없는 초짜 직원들은 문제를 일으키기만 하는데...과연 에브와 원예 초보 신입들은 정원을 구해낼 수 있을까?","0%, 40%, 25%, 20%, 15%",https://movie-phinf.pstatic.net/20220525_131/1653465910995IrDQh_JPEG/movie_image.jpg?type=m203_290_2
36,브로커,12세 관람가,5.53,드라마,"
								129분
							

							
							
								
								",2022.06.08,고레에다 히로카즈,"송강호, 강동원, 배두나","세탁소를 운영하지만 늘 빚에 시달리는 ‘상현’(송강호)과베이비 박스 시설에서 일하는 보육원 출신의 ‘동수’(강동원).거센 비가 내리는 어느 날 밤,그들은 베이비 박스에 놓인 한 아기를 몰래 데려간다.하지만 이튿날, 생각지 못하게 엄마 ‘소영’(이지은)이 아기 ‘우성’을 찾으러 돌아온다.아기가 사라진 것을 안 소영이 경찰에 신고하려 하자 솔직하게 털어놓는 두 사람.우성이를 잘 키울 적임자를 찾아 주기 위해서 그랬다는 변명이 기가 막히지만소영은 우성이의 새 부모를 찾는 여정에 상현, 동수와 함께하기로 한다.한편 이 모든 과정을 지켜본 형사 ‘수진’(배두나)과 후배 ‘이형사’(이주영).이들을 현행범으로 잡고 반 년째 이어온 수사를 마무리하기 위해 조용히 뒤를 쫓는다.베이비 박스,그곳에서 의도치 않게 만난 이들의예기치 못한 특별한 여정이 시작된다.","4%, 43%, 32%, 15%, 5%",https://movie-phinf.pstatic.net/20220511_189/1652251073330PXNoG_JPEG/movie_image.jpg?type=m203_290_2
37,애프터 양,전체 관람가,8.16,드라마,"
								96분
							

							
							
								
								",2022.06.01,코고나다,"콜린 파렐, 조디 터너 스미스, 저스틴 H. 민","함께 살던 안드로이드 인간 ‘양’이 어느 날 작동을 멈추자제이크 가족은 그를 수리할 방법을 찾는다.그러던 중, ‘양’에게서 특별한 메모리 뱅크를 발견하고그의 기억을 탐험하기 시작하는데…무엇을 남기고 싶었어, 양?","4%, 45%, 33%, 13%, 5%",https://movie-phinf.pstatic.net/20220506_191/1651821842163UJo9R_JPEG/movie_image.jpg?type=m203_290_2
38,카시오페아,12세 관람가,9.06,드라마,"
								102분
							

							
							
								
								",2022.06.01,신연식,"안성기, 서현진, 주예림","이혼 후 변호사, 엄마로 완벽한 삶을 살아가려고 노력하는 수진은 하나뿐인 딸 지나의 미국 유학을 준비하고 있다. 정신없이 바쁜 수진을 위해 아빠 인우가 손녀를 돌보게 되면서 세 사람은 함께 살게 된다. 얼마 후 수진은 교통사고를 당하고, 병원에서 알츠하이머라는 뜻밖의 결과를 듣게 된다. 사랑하는 딸을 잊을까 봐 두려워하는 수진을 위해 아빠 인우는 수진의 곁을 지키고, 기억을 잊어도 살아갈 수 있도록 이들 부녀만의 애틋한 동행이 시작된다.","7%, 23%, 36%, 21%, 12%",https://movie-phinf.pstatic.net/20220504_120/16516585530998rJUJ_JPEG/movie_image.jpg?type=m203_290_2
39,그대가 조국,12세 관람가,7.06,다큐멘터리,"
								124분
							

							
							
								
								",2022.05.25,이승준,,대한민국은 민주공화국인가 검찰공화국인가검찰의 칼날이 그대에게 향하지 않는다고 자신할 수 있는가사냥이 시작됐다. 검찰이 던진 좌표를 따라 언론은 몰려들고 소문은 꼬리를 문다. 분노한 대중 앞에 검찰은 칼을 휘두른다. 저기 쫓기는 자는 누구인가. 그대가 아니라고 자신할 수 있는가.,"1%, 13%, 25%, 37%, 24%",https://movie-phinf.pstatic.net/20220510_209/1652173423913czGcU_JPEG/movie_image.jpg?type=m203_290_2
40,범죄도시2,15세 관람가,9.35,범죄,"
								106분
							

							
							
								
								",2022.05.18,이상용,"마동석, 손석구, 최귀화","가리봉동 소탕작전 후 4년 뒤,금천서 강력반은 베트남으로 도주한 용의자를 인도받아 오라는 미션을 받는다.괴물형사 ‘마석도’(마동석)와 ‘전일만’(최귀화) 반장은 현지 용의자에게서 수상함을 느끼고,그의 뒤에 무자비한 악행을 벌이는 ‘강해상’(손석구)이 있음을 알게 된다.‘마석도’와 금천서 강력반은 한국과 베트남을 오가며역대급 범죄를 저지르는 ‘강해상’을 본격적으로 쫓기 시작하는데...나쁜 놈들 잡는 데 국경 없다!통쾌하고 화끈한 범죄 소탕 작전이 다시 펼쳐진다!","3%, 35%, 39%, 18%, 5%",https://movie-phinf.pstatic.net/20220516_144/1652665409592Chvey_JPEG/movie_image.jpg?type=m203_290_2
41,"아치의 노래, 정태춘",전체 관람가,9.35,다큐멘터리,"
								113분
							

							
							
								
								",2022.05.18,고영재,"정태춘, 박은옥","10대 가수상, 가요 사전심의 철폐운동그리고 음악시장을 홀연히 떠나기까지어디서도 들어보지 못한 노랫말과서정적인 음율로 시대와 함께한 뮤지션데뷔 40주년, 우리가 몰랐던정태춘의 음악과 삶을 만나다!","0%, 5%, 15%, 55%, 25%",https://movie-phinf.pstatic.net/20220426_22/165094050059393Lij_JPEG/movie_image.jpg?type=m203_290_2
42,우연과 상상,15세 관람가,8.17,드라마,"
								121분
							

							
							
								
								",2022.05.04,하마구치 류스케,"후루카와 코토네, 현리, 나카지마 아유무","‘메이코’는 집으로 돌아가는 택시 안에서 친구에게 새로운 연애 상대 이야기를 듣는다.여대생 ‘나오’는 교수 앞에서 그가 쓴 소설의 일부를 낭독한다.20년 만에 고향을 찾은 ‘나츠코’는 그토록 만나고 싶던 동창생과 재회한다.우연이 만들어내는, 조용히 아주 크게 움직이는 인생의 순간들이 있다.이 영화는 그에 대한 상상의 결과물이다.","1%, 42%, 36%, 16%, 5%",https://movie-phinf.pstatic.net/20220504_174/1651648935473f0HAe_JPEG/movie_image.jpg?type=m203_290_2
43,평평남녀,12세 관람가,5.69,드라마,"
								121분
							

							
							
								
								",2022.04.28,김수정,"이태경, 이한주, 이봄","바쁜 회사일로 연애는 못하고기막힌 아이디어는 까이기 일수승진은 남의 이야기열정만렙 33살 만년대리! 우리의 영블리 영진어느 날, 능력은 없지만 빽은 있는 낙하산 준설이 그녀 앞에 떨어지고하루도 평평할 날 없는 영진의 고달픈 일상이 시작되는데…일도 사랑도 꼬여버린할많하않 오피스 브이로그가 온다!","0%, 0%, 62%, 38%, 0%",https://movie-phinf.pstatic.net/20220405_158/164912069067864cif_JPEG/movie_image.jpg?type=m203_290_2
44,소설가의 영화,12세 관람가,7.73,드라마,"
								92분
							

							
							
								
								",2022.04.21,홍상수,"이혜영, 김민희","여소설가가 잠적한 후배의 책방으로 먼 길을 찾아옵니다.그리고 혼자 타워를 오르고 영화감독 부부를 만나고 공원을 산책하다 여배우를 만나게 되고,여배우에게 당신과 영화를 만들고 싶다 설득을 합니다.둘이 분식집에서 뭘 먹고, 다시 찾게 되는 후배의 책방에서 술자리가 깊어지고여배우는 취해 잠이 드는데…","2%, 39%, 33%, 19%, 8%",https://movie-phinf.pstatic.net/20220331_64/1648705552483Riog5_JPEG/movie_image.jpg?type=m203_290_2
45,중경삼림,15세 관람가,8.89,드라마,"
								102분
							

							
							
								
								",2022.04.20,왕가위,"임청하, 양조위, 왕페이","1994년 홍콩,“내 사랑의 유통기한은 만 년으로 하고 싶다”만우절의 이별 통보가 거짓말이길 바라며 술집을 찾은 경찰 223고단한 하루를 보내고 술집에 들어온 금발머리의 마약밀매상""그녀가 떠난 후 이 방의 모든 것들이 슬퍼한다""여자친구가 남긴 이별 편지를 외면하고 있는 경찰 663편지 속에 담긴 그의 아파트 열쇠를 손에 쥔 단골집 점원 페이네 사람이 만들어낸 두 개의 로맨스새로운 사랑을 만나는 방법에 대한 독특한 상상력","5%, 54%, 30%, 7%, 4%",https://movie-phinf.pstatic.net/20210208_255/1612760227924x9jop_JPEG/movie_image.jpg?type=m203_290_2
46,드라이,15세 관람가,7.49,미스터리,"
								117분
							

							
							
								
								",2022.03.30,로버트 코놀리,"에릭 바나, 제네비에브 오렐리, 키어 오도넬",불미스러운 일로 고향을 떠났던 '에런'은친구 '루크'의 장례식에 참석하기 위해20년 만에 고향을 찾는다가족을 죽이고 자살한 것으로 보이는 '루크'유가족의 요청으로 사건을 파헤치던 '에런'은여자친구였던 '엘리'의 죽음에도석연치 않은 부분이 있음을 알게 되는데...묻혀있던 두 개의 진실이 드러나기 시작한다!,"0%, 18%, 36%, 18%, 27%",https://movie-phinf.pstatic.net/20220318_180/1647567297998d4Eic_JPEG/movie_image.jpg?type=m203_290_2
47,이상한 나라의 수학자,12세 관람가,8.19,드라마,"
								117분
							

							
							
								
								",2022.03.09,박동훈,"최민식, 김동휘",학문의 자유를 갈망하며 탈북한 천재 수학자 '이학성’(최민식).그는 자신의 신분과 사연을 숨긴 채상위 1%의 영재들이 모인 자사고의 경비원으로 살아간다.차갑고 무뚝뚝한 표정으로 학생들의 기피 대상 1호인 ‘이학성’은어느 날 자신의 정체를 알게 된 뒤 수학을 가르쳐 달라 조르는수학을 포기한 고등학생 ‘한지우’(김동휘)를 만난다.정답만을 찾는 세상에서 방황하던 ‘한지우’에게올바른 풀이 과정을 찾아나가는 법을 가르치며‘이학성’ 역시 뜻하지 않은 삶의 전환점을 맞게 된다.,"2%, 28%, 42%, 21%, 8%",https://movie-phinf.pstatic.net/20220210_27/16444726389021AWu6_JPEG/movie_image.jpg?type=m203_290_2
48,극장판 주술회전 0,15세 관람가,9.24,애니메이션,"
								105분
							

							
							
								
								",2022.02.17,박성후,"오가타 메구미, 하나자와 카나, 코마츠 미카코","어릴 적 소꿉친구인 오리모토 리카를 교통사고로 눈앞에서 잃은 옷코츠 유타.“약속해, 리카와 유타는 어른이 되면 결혼하기로”옷코츠는 원령으로 변한 리카의 저주에 괴로워한 나머지, 자신도 죽기를 바라지만 최강의 주술사인 고죠 사토루에 의해 주술고전에 들어가게 된다. 그리고 동급생인 젠인 마키, 이누마키 토게, 판다를 만나면서 굳은 결심을 한다.“살아도 된다는 자신감이 필요해”“나는 주술고전에서 리카의 저주를 풀겠습니다”한편, 옷코츠와 친구들 앞에 과거에 일반인을 대량으로 학살해서 고전에서 추방된 최악의 주저사인 게토 스구루가 나타난다.“12월 24일, 우리는 백귀야행을 결행한다”주술사만의 낙원을 만들려는 게토는 비술사를 섬멸하겠다면서, 신주쿠와 교토에 천의 저주를 내리는데…과연 옷코츠는 게토를 막을 수 있을까? 그리고 리카의 저주를 풀 수 있을까?","11%, 50%, 24%, 10%, 6%",https://movie-phinf.pstatic.net/20220217_242/1645084631470w6PTw_JPEG/movie_image.jpg?type=m203_290_2
49,프리! 더 파이널 스트로크 전편,전체 관람가,8.76,애니메이션,"
								86분
							

							
							
								
								",2022.01.20,카와나미 에이사쿠,"시마자키 노부나가, 스즈키 타츠히사, 미야노 마모루","세계를 목표로 하는 나나세 하루카의 새로운 무대는 이전에 방문했던 꿈의 장소인 시드니.그곳으로 떠나기 전 잠시 휴식을 취하던 어느 날, 하루카는 전 일본 수영 경기 대표 선발전에서싸웠던 한 선수와 우연히 대치하고 투지를 불태운다.함께 헤엄쳐 왔던 동료들과의 추억을 가슴에 품고 한층 더 새로운 경지에 발을 내딛는 하루카.그곳에서 기다리고 있는 건 절대 왕자 · 알베르트 워란데르·시드니 대회를 위해 선수들은 저마다 사기를 북돋워간다.세계의 정점을 겨루는 가운데, 그들은 무엇을 느끼고 무엇을 위해 헤엄치는가.물과 마주하는 그들의 뜨거운 싸움이 여기서 시작된다!","15%, 52%, 15%, 15%, 4%",https://movie-phinf.pstatic.net/20220117_39/1642405750277kXRVX_JPEG/movie_image.jpg?type=m203_290_2
50,드라이브 마이 카,15세 관람가,8.39,드라마,"
								179분
							

							
							
								
								",2021.12.23,하마구치 류스케,"니시지마 히데토시, 미우라 토코","누가 봐도 아름다운 부부 가후쿠와 오토.우연히 아내의 외도를 목격한 가후쿠는 이유를 묻지 못한 채 갑작스럽게 아내의 죽음을 맞이하게 된다.2년 후 히로시마의 연극제에 초청되어 작품의 연출을 하게 된 가후쿠.그는 그곳에서 자신의 전속 드라이버 미사키를 만나게 된다.말없이 묵묵히 가후쿠의 차를 운전하는 미사키와 오래된 습관인 아내가 녹음한 테이프를 들으며 대사를 연습하는 가후쿠.조용한 차 안에서 두 사람은 점점 마음을 열게 되고, 서로가 과거의 아픔에서 벗어나지 못한 것을 알게 된다.그리고 눈 덮인 홋카이도에서 내면에 깊숙이 자리 잡은 서로의 슬픔을 들여다보게 되는데….","1%, 36%, 40%, 17%, 6%",https://movie-phinf.pstatic.net/20211220_81/1639963885244tPBWI_JPEG/movie_image.jpg?type=m203_290_2
51,호수의 이방인,관람불가,7.39,드라마,"
								97분
							

							
							
								
								",2021.11.15,알랭 기로디,"피에르 델라돈챔프스, 크리스토프 파오우",아름다운 호수를 배경으로 에로틱한 정사와 히치콕식의 도망자 스릴러가 뒤섞이는 동성애 영화. 남자들만의 특별한 공간인 한 호숫가에서 느긋한 성격의 프랑크는 치명적인 매력의 옴므 파탈 미셸에게 빠져든다. 그는 결국 사랑과 죽음의 불안한 기로에 서게 된다.[제18회 부산국제영화제],"0%, 39%, 39%, 15%, 7%",https://movie-phinf.pstatic.net/20140402_100/13964171645968bgAl_JPEG/movie_image.jpg?type=m203_290_2
52,빌리 홀리데이,청소년 관람불가,7.75,드라마,"
								130분
							

							
							
								
								",2021.11.04,리 다니엘스,"앤드라 데이, 트래반트 로즈, 가렛 헤드룬드",팝 보컬의 예술을 영원히 바꿔 놓은 재즈의 초상 ‘빌리 홀리데이’무대 위에선 모두의 박수를 받는 ‘레이디 데이’였지만무대 아래에선 시대의 폭력과 광기에 끝없이 시달렸다.도망칠 곳 없이 어둠으로 내몰린 삶 속에서도그녀가 포기할 수 없었던 두 가지세상을 위한 단 하나의 노래그녀를 위한 단 하나의 사랑.Stay tuned for LADY DAY!,"1%, 33%, 40%, 16%, 10%",https://movie-phinf.pstatic.net/20211013_136/1634105930478RTCeH_JPEG/movie_image.jpg?type=m203_290_2
53,코다,12세 관람가,9.13,드라마,"
								111분
							

							
							
								
								",2021.08.31,션 헤이더,"에밀리아 존스, 퍼디아 월시-필로, 트로이 코처",24/7 함께 시간을 보내며 소리를 들을 수 없는 가족을 세상과 연결하는 코다 '루비'는짝사랑하는 '마일스'를 따라간 합창단에서 노래하는 기쁨과 숨겨진 재능을 알게 된다.합창단 선생님의 도움으로 마일스와의 듀엣 콘서트와 버클리 음대 오디션의 기회까지 얻지만자신 없이는 어려움을 겪게 될 가족과 노래를 향한 꿈 사이에서 루비는 망설이는데…,"3%, 50%, 36%, 7%, 4%",https://movie-phinf.pstatic.net/20220408_230/1649404582189RuAGA_JPEG/movie_image.jpg?type=m203_290_2
54,빛나는 순간,12세 관람가,8.32,드라마,"
								95분
							

							
							
								
								",2021.06.30,소준문,"고두심, 지현우","‘바다에서 숨 오래 참기’로 기네스북에 오른 제주 해녀 진옥(고두심)성질도, 물질도 제주에서 그를 이길 사람이 없다.진옥을 취재하기 위해 서울에서 내려온 다큐멘터리 PD 경훈(지현우)하지만 진옥의 반응은 냉담하다.경훈은 진옥의 마음을 열기 위해 그의 주위를 맴돌기 시작하고,진옥은 바다에 빠진 경훈의 목숨을 구해준 이후자신과 같은 상처를 가졌음을 알고 경훈에게 마음을 연다.제주 그리고 해녀의 삶에 깊숙이 들어가게 된 경훈그런 경훈을 통해 진옥은 생전 처음 느껴보는 감정들을 마주하기 시작하는데…당신을 만나고 비로소 알게 된,나의 가장 빛나는 순간","6%, 44%, 11%, 28%, 11%",https://movie-phinf.pstatic.net/20210630_227/1625035301941FCenY_JPEG/movie_image.jpg?type=m203_290_2
55,피넛 버터 팔콘,12세 관람가,9.02,드라마,"
								97분
							

							
							
								
								",2021.04.07,"타일러 닐슨, 마이크 슈왈츠","샤이아 라보프, 다코타 존슨, 잭 고츠아전","레슬러가 되고 싶은 잭은 보호소를 탈출해 과거로부터 도망쳐 나온 어부 타일러의 배에 숨어 들게 된다.예상치 못한 만남이었지만 타일러는 레슬러 ‘피넛 버터 팔콘’이 되고 싶은 잭을 동생처럼 보살피며레슬링 학교가 있는 ‘에이든’으로 향한다. 이 여정에 잭을 찾아나선 보호소 직원 엘리너가 합류하고거리에서 잠을 자고 뗏목으로 강을 건너는 거친 여행이지만, 셋은 서로에게 의지하며 희망을 피워간다.하지만 타일러가 도망쳐온 과거는 다시 그들의 앞을 막아서고 마는데…","33%, 33%, 0%, 33%, 0%",https://movie-phinf.pstatic.net/20210324_65/16165637159137BB0n_JPEG/movie_image.jpg?type=m203_290_2
56,스파이의 아내,12세 관람가,8.14,서스펜스,"
								116분
							

							
							
								
								",2021.03.25,구로사와 기요시,"아오이 유우, 타카하시 잇세이, 히가시데 마사히로","아시아에 전운이 감돌던 1940년, 무역상 유사쿠는 사업차 만주국으로 향한다. 이곳에서 벌어지는 갖가지 참상을 목격한 유사쿠는 현실을 바꾸기 위해 직접 나서고, 유사쿠의 이러한 위험한 행동은 일본에 살고 있는 아내 사토코의 일상에도 영향을 미친다. NHK TV 드라마를 영화로 다시 만든 작품으로 2020년 베니스영화제에서 감독상을 수상했다.","3%, 31%, 34%, 14%, 17%",https://movie-phinf.pstatic.net/20210308_237/1615171952260dkz3u_JPEG/movie_image.jpg?type=m203_290_2
57,테스와 보낸 여름,전체 관람가,9.09,드라마,"
								84분
							

							
							
								
								",2020.09.10,스티븐 바우터루드,"소니 코프스 판 우테렌, 조세핀 아렌센, 트에보 게리츠마","엉뚱한 소년 ‘샘’은 가족과 함께 떠난 바닷가 휴양지에서도 죽음에 대해 고민하는 중이다.지구에 남은 마지막 공룡은 어떤 마음이었을까 상상하던 ‘샘’은언젠가 혼자 남겨질 경우를 대비해 ‘외로움 적응 훈련’에 돌입한다.그런데 섬에서 만난 소녀 ‘테스’로 인해 계획에 차질이 생기기 시작한다.첫 만남에 다짜고짜 살사 춤을 추자고 하는 더 엉뚱한 소녀 ‘테스’는어디로 튈지 알 수 없는 행동으로 ‘샘’을 놀라게 한다.그러던 중 어른들은 모르는 ‘테스’의 비밀스러운 계획을 알게 된 ‘샘’은 이에 동참하게 되는데…얼마 남지 않은 여름의 끝, 그전에 미션을 수행해야 한다!혼자도 좋지만… 함께여서 더욱 좋은!‘샘’과 ‘테스’의 인생을 건 여름 프로젝트가 시작된다!","2%, 58%, 21%, 12%, 7%",https://movie-phinf.pstatic.net/20200814_33/1597368744647OfBOS_JPEG/movie_image.jpg?type=m203_290_2
58,어서오시게스트하우스,15세 관람가,8.28,코미디,"
								99분
							

							
							
								
								",2020.08.13,심요한,"이학주, 박선영, 신민재","꿈도 졸업도 미룬 채 대학교 5학년이 된 준근.계절학기 신청 클릭전쟁에도 실패하고 기숙사에서도 쫓겨나자,얼떨결에 서핑 게스트하우스 [어서오시게스트하우스]에서 숙식 알바를 시작한다.그러다 우연히 바닷가에서 만난 금수저 서퍼 성민과 시비가 붙은 준근은홧김에 양양 바다를 걸고 서핑 배틀을 벌이기로 한다.서핑이라곤 1도 모르는 준근을 위해 게하 베테랑 서퍼 3인방이 나서지만준근의 몸은 도무지 보드 위에서 일어설 기미조차 보이지 않는데…서핑도 취업도 제자리 걸음, 열정만렙 준근의객기 충만한 서핑 도전기가 지금 시작된다!","0%, 67%, 33%, 0%, 0%",https://movie-phinf.pstatic.net/20200721_21/159529714754610k3H_JPEG/movie_image.jpg?type=m203_290_2
59,녹색 광선,12세 관람가,8.42,멜로/로맨스,"
								98분
							

							
							
								
								",2019.07.04,에릭 로메르,마리 리비에르,"여름 휴가를 이용해 멋진 로맨스를 찾아나선 한 아가씨의 여정을 통해 젊은 날의 소망과 그 성취를 상징하는 '녹색 광선'의 의미를 아름답기 그지없는 시선으로 그린 작품. 사랑에 대한 기대로 관객을 부풀게 만드는 싱그러운 작품이자 노감독 로메르가 사랑에 관한 젊은 날의 혼란과 열망을 느슨한 이야기 속에서 풀어낸 작품으로 평가받고 있다. 86년 베니스 영화제에서 그랑프리인 금곰상을 수상한 이 영화는 국내엔 90년 봄 변두리 극장에서 소문없이 개봉해 1주일만에 문을 닫았다. 영화를 '공부'하려는 사람들을 위한 영화.감독 에릭 로메르(Eric Rohmer)는 프랑소와 튀르포, 쟝 루크 고다르, 클로드 샤브롤, 쟝 리베트 등 프랑스 신세대 영화 작가들의 등용문이 된 영화 전문지 '까이에 뒤 시네마(Cahiers De Cinema)'가 배출한 또 한 명의 뛰어난 영화 감독이다. 그는 항상 거의 아마츄어에 가까운 비전문 배우들을 기용해서 일상 속에서 보여지는 보통 사람들의 삶의 모습을 진지하면서도 잔잔하게 그려내고 있다. 이 영화도 그러한 범주에서 벗어나지 않는다. 어느 평론가는 그의 영화를 'Elegant Simplicity'라는 표현으로 요약하고 있다. 그런 그의 작품성을 가장 극명하게 드러낸 영화가 바로 이것이다.청순한 소녀 델핀느(Delphine: 마리 라비에르 분)는 여름휴가를 맞이하지만 친구들로부터 함께 휴가를 보낼 기회를 거절당한다. 내성적이고 소심한 그녀는 휴가 기간을 혼자 보내야 하는 외로운 처지에 놓이게 된다. 남자 친구를 구할 수 있기를 내심 바리지만 자신의 성격탓으로 뜻대로 되질 않는다. 그러나 델핀느는 희망을 잃지 않고 있다. 얼마전 친구로부터 녹색은 그녀에게 행운을 가져다 줄거라는 이야기를 들었기 때문이다.좋은 일이 생길지 모른다는 친구의 권유에 따라 노르망디에 있는 친구집에서 휴가를 보낸다. 거기에서 델핀느는 남자를 사귀기는 고사하고 그곳 사람들과 잘 어울리지 못하고 불편함을 느낀다. 실망 속에서 델핀느는 집으로 돌아간다. 우연히 비아리츠역에서 만난 한 남자와 몇마디의 대화로 서로가 쉽게 통할 수가 있게 된 델핀느는 그에게 호감을 갖게 된다. 해변에 대양이 바다 수평선 너머로 사라지고 있는 일몰때 둘이는 보기 힘들 정도로 녹색빛을 발하는 바닷가에 지는 태양을 응시하고 있다. 빛의 굴절로 인해 일시적으로 녹색광선 발한다. 델핀느는 녹색의 빛을 향하여 감탄의 소리를 지른다. 결국 그는 꿈을 이룬 것이다.","5%, 53%, 33%, 8%, 1%",https://movie-phinf.pstatic.net/20220420_48/1650422631213w8Sy0_JPEG/movie_image.jpg?type=m203_290_2
60,천로역정: 천국을 찾아서,전체 관람가,8.85,애니메이션,"
								113분
							

							
							
								
								",2019.06.13,로버트 페르난데스,"존 라이스 데이비스, 벤 프라이스","희망도, 기쁨도 없는 멸망도시에서 살아가던 ‘크리스천’은어느 날, 한 권의 책을 통해 천국도시가 존재하며,곧 멸망도시가 불바다로 변할 것이라는 사실을 알게 된다.바깥세상은 죽음뿐이라는 모두의 만류를 뒤로하고‘크리스천’은 천국도시를 찾아서 모험의 길로 접어 드는데…","0%, 22%, 33%, 36%, 10%",https://movie-phinf.pstatic.net/20190624_263/1561360740472v2Mfv_JPEG/movie_image.jpg?type=m203_290_2
61,아이 엠 러브,청소년 관람불가,7.85,드라마,"
								119분
							

							
							
								
								",2018.07.26,루카 구아다니노,"틸다 스윈튼, 플라비오 파렌티, 에도아도 가브리엘리니","모든 것을 버리고 화려한 상류층 재벌가로 시집 온 엠마는 삶의 회의를 느끼던 도중,아들의 친구인 요리사 안토니오를 만나게 되고 이전과는 달라진 무언가를 느낀다.고독 속에 홀로 있던 그녀에게 여름 같은 사랑이 찾아왔다.","2%, 38%, 27%, 13%, 20%",https://movie-phinf.pstatic.net/20180629_215/1530236401398ohxj9_JPEG/movie_image.jpg?type=m203_290_2
62,신은 죽지 않았다 3: 어둠 속의 빛,12세 관람가,8.32,드라마,"
								105분
							

							
							
								
								",2018.07.19,마이클 메이슨,"데이빗 A.R. 화이트, 존 코베트, 쉐인 하퍼",150년간 자리를 지켜온 성 제임스 교회의 목사 ‘데이빗 힐’은교회에서 일어난 의문의 화재사건으로 친구를 잃고캠퍼스 내에 위치한 교회의 퇴거를 요구하는 주립대와 갈등을 빚는다.학교와의 갈등은 점점 더 깊어져 데이빗 목사의 신념과 믿음마저 흔들리게 되는데…절망의 끝에서 모든 사람이 발견해야 할 진리가 타오른다!,"1%, 26%, 22%, 24%, 27%",https://movie-phinf.pstatic.net/20180612_194/1528767277354DKz2r_JPEG/movie_image.jpg?type=m203_290_2
63,리틀 포레스트,전체 관람가,8.84,드라마,"
								103분
							

							
							
								
								",2018.02.28,임순례,"김태리, 류준열, 문소리","시험, 연애, 취업… 뭐하나 뜻대로 되지 않는 일상을 잠시 멈추고고향으로 돌아온 혜원은 오랜 친구인 재하와 은숙을 만난다남들과는 다른, 자신만의 삶을 살기 위해 고향으로 돌아온 ‘재하’,평범한 일상에서의 일탈을 꿈꾸는 ‘은숙’과 함께직접 키운 농작물로 한끼 한끼를 만들어 먹으며겨울에서 봄, 그리고 여름, 가을을 보내고 다시 겨울을 맞이하게 된 혜원.그렇게 특별한 사계절을 보내며 고향으로 돌아온 진짜 이유를 깨닫게 된 혜원은새로운 봄을 맞이하기 위한 첫 발을 내딛는데…","5%, 59%, 22%, 11%, 4%",https://movie-phinf.pstatic.net/20180130_167/1517289346533DfzLE_JPEG/movie_image.jpg?type=m203_290_2
64,내 사랑,12세 관람가,9.22,드라마,"
								115분
							

							
							
								
								",2017.07.12,에이슬링 월쉬,"샐리 호킨스, 에단 호크",운명처럼 세상에서 가장 작은집에서 만난 에버렛과 모드.혼자인 게 익숙했던 이들은 서서히 서로에게 물들어가며 깊은 사랑을 하게 되고 서로의 사랑을 풍경처럼 담는다.,"1%, 39%, 31%, 17%, 12%",https://movie-phinf.pstatic.net/20170623_154/1498200552664BBuB4_JPEG/movie_image.jpg?type=m203_290_2
65,목소리의 형태,전체 관람가,8.48,애니메이션,"
								129분
							

							
							
								
								",2017.05.09,야마다 나오코,"이리노 미유, 하야미 사오리","따분한 게 질색인 아이, 이시다 쇼야.간디가 어떤 사람인지, 인류의 진화과정이라든지, 알게뭐람.어느 날 쇼야의 따분함을 앗아갈 전학생이 나타났다. 니시미야 쇼코. 그 아이는 귀가 들리지 않는다고 한다.쇼야의 짓궂은 장난에도 늘, 생글생글 웃고만 있다. 짜증난다.그의 괴롭힘에 쇼코는 결국 전학을 갔고, 이시다 쇼야는 외톨이가 되었다.6년 후, 더 이상 이렇게 살아봐야 의미가 없음을 느낀 쇼야는 마지막으로 쇼코를 찾아간다.처음으로 전해진 두 사람의 목소리. 두 사람의 만남이 교실을, 학교를,그리고 쇼야의 인생, 쇼코의 인생을 바꾸기 시작한다.","21%, 56%, 9%, 11%, 3%",https://movie-phinf.pstatic.net/20170419_128/1492579106081DlvO1_JPEG/movie_image.jpg?type=m203_290_2
66,물숨,전체 관람가,9.12,다큐멘터리,"
								81분
							

							
							
								
								",2016.09.29,고희영,"김정자, 이순옥, 김연희","내 고향 제주에는 살기 위해 숨을 멈춰야만 하는 여인들이 있다.맨몸으로 바다에 뛰어드는 우도의 해녀들이 온종일 숨을 참은 대가는 이승의 밥이 되고,남편의 술이 되고, 자식들의 공책과 연필이 되었다. 하지만 해녀들은 안다.욕심에 사로잡히는 순간 바다는 무덤으로 변하고, 욕망을 다스리면 아낌 없이 주는 어머니의 품이 된다는 것을…삶이라는 거친 파도를 넘으며 바다와 함께 울고 웃었던해녀들에게서 배우는 명쾌한 ‘숨’의 한 수!","0%, 66%, 19%, 6%, 9%",https://movie-phinf.pstatic.net/20160907_160/1473230368413epnD2_JPEG/movie_image.jpg?type=m203_290_2
67,비거 스플래쉬,청소년 관람불가,7.18,멜로/로맨스,"
								124분
							

							
							
								
								",2016.08.03,루카 구아다니노,"틸다 스윈튼, 랄프 파인즈, 마티아스 쇼에나에츠","전설적인 록스타 마리안은 영화감독인 남편 폴과 이탈리아의 작은 섬에서 휴가를 즐기고 있다.어느날 마리안의 옛 연인인 음반 프로듀서 해리가 뜻하지 않게 딸과 방문하면서그들의 여유로운 휴가는 방해받는다. 시간이 지날수록 마리안과 해리의 과거가부상함에 따라 그들의 관계는 질투, 욕망 그리고 위험의 수렁으로 변하게 되는데…","1%, 38%, 35%, 15%, 11%",https://movie-phinf.pstatic.net/20160715_218/1468549188815iuiCQ_JPEG/movie_image.jpg?type=m203_290_2
68,드롭박스,전체 관람가,9.39,다큐멘터리,"
								79분
							

							
							
								
								",2016.05.19,브라이언 아이비,이종락,"작은 상자 안에 담긴 형언할 수 없는 생명의 무게!가장 절실한 사랑이 있는 곳 <드롭박스>서울 난곡에 위치한 주사랑공동체교회에는 세상에서 가장 절실한 사랑이 있는 장소가 있다.2009년 만들어진 이후 약 800여 명의 목숨을 살린 '생명의 상자'진정한 용기, 존귀한 생명을 향한 소중한 메시지 그리고 세상의 편견과 차별, 오해를 딛고 진정한 가족이 된 사람들…우리가 알지 못했던 '생명의 상자' 드롭박스에 관한 진짜 이야기가 시작된다!","2%, 49%, 33%, 12%, 5%",https://movie-phinf.pstatic.net/20160502_142/14621674274327uVm7_JPEG/movie_image.jpg?type=m203_290_2
69,순응자,청소년 관람불가,8.33,드라마,"
								111분
							

							
							
								
								",2016.01.28,베르나르도 베르톨루치,"장-루이 트린티냥, 스테파니아 산드렐리","로마의 유복한 집안에서 자란 마르첼로는 어린 시절의 트라우마와 정신병원에 입원해 있는 아버지로 인해 불안에 시달린다. 남들처럼 평범하게 살아가는 것이 유일한 목적인 그는 평범한 가정을 이루고자 중산층 집안의 줄리아와 결혼하고, 대중의 강력한 지지를 받는 무솔리니 정권의 비밀경찰에 자원한다. 첫 임무로, 자신의 스승이자 프랑스에서 정치적 망명 중인 반독재 인사 콰드리 교수의 암살을 지시받은 마르첼로는 파리로 신혼여행을 떠나 콰드리 교수와 그의 아내 안나에게 접근한다. 처음엔 경계와 의심을 늦추지 않던 이들 부부는 그를 차차 신뢰하게 되지만, 안나에게 걷잡을 수 없이 끌리게 된 마르첼로는 자신의 본심과 임무 사이에서 혼란을 겪게 되는데…","0%, 39%, 40%, 8%, 13%",https://movie-phinf.pstatic.net/20160118_84/1453095134946tOUiL_JPEG/movie_image.jpg?type=m203_290_2
70,헤이트풀8,청소년 관람불가,8.49,서부,"
								167분
							

							
							
								
								",2016.01.07,쿠엔틴 타란티노,"사무엘 L. 잭슨, 커트 러셀, 제니퍼 제이슨 리","레드 락 타운으로 ‘죄수’를 이송해가던 ‘교수형 집행인’은 설원 속에서 우연히 ‘현상금 사냥꾼’, ‘보안관’과 합류하게 된다. 그리고 거센 눈보라를 피해 산장으로 들어선 4명은 그곳에 먼저 와있던 또 다른 4명, ‘연합군 장교’, ‘이방인’, ‘리틀맨’, ‘카우보이’를 만나게 된다.큰 현상금이 걸린 ‘죄수’를 호시탐탐 노리는 이들에게 ‘교수형 집행인’은 경고를 하지만 이를 비웃기라도 하듯 참혹한 독살 사건이 일어난다. 각자 숨겨둔 비밀이 하나씩 밝혀지면서 서로를 향한 불신이 커져만 가고 팽팽한 긴장감 속에 증오의 밤은 점점 깊어지는데...2016년 1월, 그 누구도 이유 없이 이곳에 오진 않았다!","7%, 48%, 31%, 5%, 10%",https://movie-phinf.pstatic.net/20151210_247/1449735550913t3HDG_JPEG/movie_image.jpg?type=m203_290_2
71,대니 콜린스,15세 관람가,8.83,드라마,"
								106분
							

							
							
								
								",2015.09.30,댄 포겔맨,"알 파치노, 아네트 베닝, 제니퍼 가너","40살 연하의 여자친구에 요일별 슈퍼카까지최고의 부와 명예를 누리며 살아가던 슈퍼스타 ‘대니 콜린스’.우연히 40년 전 ‘존 레논’이 자신에게 보낸 편지를 받은 후 새로운 삶을 살기로 결심한다.월드투어를 취소하고 매니저에게 더 이상 지금까지 해온 노래는 하지 않겠다는 폭탄선언 후,홀연히 뉴저지의 한적한 호텔에 투숙해 새로운 인생을 찾아 나가게 되는데…","1%, 58%, 32%, 7%, 3%",https://movie-phinf.pstatic.net/20150924_289/1443059652774W2ovk_JPEG/movie_image.jpg?type=m203_290_2
72,올드보이,청소년 관람불가,9.04,드라마,"
								120분
							

							
							
								
								",2013.11.21,박찬욱,"최민식, 유지태, 강혜정","술 좋아하고 떠들기 좋아하는 오.대.수. 본인의 이름풀이를 '오늘만 대충 수습하며 살자'라고  이죽거리는 이 남자는 아내와 어린 딸아이를 가진 지극히 평범한 샐러리맨이다. 어느 날, 술이 거나하게 취해 집에 돌아가는 길에 존재를 알 수 없는 누군가에게 납치, 사설 감금방에 갇히게 되는데.언뜻 보면 싸구려 호텔방을 연상케 하는 감금방. 중국집 군만두만을 먹으며 8평이라는 제한된 공간에서 그가 할 수 있는 일이라곤, 텔레비전 보는 게 전부. 그렇게 1년이 지났을  무렵, 뉴스를 통해 나오는 아내의 살해소식. 게다가 아내의 살인범으로 자신이 지목되고 있음을 알게 된 오대수는 자살을 감행하지만 죽는 것조차 그에겐 용납 되지 않는다. 오대수는 복수를 위해 체력단련을 비롯, 자신을 가둘만한 사람들, 사건들을 모조리 기억 속에서 꺼내 '악행의 자서전'을 기록한다. 한편, 탈출을 위해 감금방 한쪽 구석을 쇠젓가락으로 파기도 하는데.. 감금 15년을 맞이하는 해, 마침내 사람 몸 하나 빠져나갈 만큼의 탈출구가 생겼을 때, 어이없게도 15년 전 납치됐던 바로 그 장소로 풀려나 있는 자신을 발견하게 된다.우연히 들른 일식집에서 갑자기 정신을 잃어버린 오대수는 보조 요리사 미도 집으로 가게 되고, 미도는 오대수에게 연민에서 시작한 사랑의 감정을 키워나가게 된다. 한편 감금방에서 먹던 군만두에서 나온 '청룡'이란 전표 하나로 찾아낸 7.5층 감금방의 정체를 찾아내고...마침내, 첫 대면을 하는 날 복수심으로 들끓는 대수에게 우진은 너무나 냉정하게 게임을 제안한다. 자신이 가둔 이유를 5일 안에 밝혀내면 스스로 죽어주겠다는 것. 대수는 이 지독한 비밀을 풀기 위해, 사랑하는 연인, 미도를 잃지 않기 위해 5일간의 긴박한 수수께끼를 풀어나가야 한다. 도대체 이우진은 누구이며? 이우진이 오대수를 15년 동안이나 감금한 이유는 뭘까? 밝혀진 비밀 앞에 두 남자의 운명은 과연 어떻게 되는 것일까?","0%, 53%, 29%, 12%, 6%",https://movie-phinf.pstatic.net/20131114_260/1384391087931T5Yx8_JPEG/movie_image.jpg?type=m203_290_2
73,홀리 모터스,청소년 관람불가,7.36,드라마,"
								115분
							

							
							
								
								",2013.04.04,레오 카락스,"드니 라방, 카일리 미노그, 에바 멘데스","유능한 사업가 오스카(드니 라방)의 하루는 이른 아침, 고급 리무진 홀리 모터스에 오르면서 시작된다. 홀리 모터스는 그와 그의 비서 셀린(에디뜨 스콥)을 태운 채 새벽부터 해질녘까지 파리 곳곳을 누빈다. 유능한 사업가, 가정적인 아버지에서 광대, 걸인, 암살자, 광인에 이르기까지, 홀리 모터스가 멈추는 곳마다 전혀 다른 아홉 명의 인물이 내리는데…레오스 카락스와 드니 라방이 만나 완성한 13년 만의 컴백작!당신이 만난 오늘의 오스카씨는 누구인가요?","0%, 75%, 17%, 8%, 0%",https://movie-phinf.pstatic.net/20210929_185/1632899232930DuPoL_JPEG/movie_image.jpg?type=m203_290_2
74,박쥐,청소년 관람불가,6.33,멜로/로맨스,"
								133분
							

							
							
								
								",2009.04.30,박찬욱,"송강호, 김옥빈","병원에서 근무하는 신부 ‘상현’은 죽어가는 환자들을 보고만 있어야 하는 자신의 무기력함에 괴로워 하다가 해외에서 비밀리에 진행되는 백신개발 실험에 자발적으로 참여한다. 그러나 실험 도중 바이러스 감염으로 죽음에 이르고, 정체불명의 피를 수혈 받아 기적적으로 소생한다. 하지만 그 피는 상현을 뱀파이어로 만들어버렸다. 피를 원하는 육체적 욕구와 살인을 원치 않는 신앙심의 충돌은  상현을 짓누르지만 피를 먹지 않고 그는 살 수가 없다. 하지만 살인하지 않고 사람의 피를 어떻게 구한단 말인가?기적적으로 생명을 건진 상현은  그가 기적을 일으킬 수 있다고 믿고 기도를 청하는 신봉자들 사이에서  어린 시절 친구 ‘강우’와 그의 아내 ‘태주’를 만나게 된다. 뱀파이어가 된 상현은 태주의 묘한 매력에  억누를 수 없는 욕망을 느낀다. 태주 또한 히스테리컬한 시어머니와 무능력한 남편에게 억눌렸던 욕망을 일깨워준 상현에게 집착하고 위험한 사랑에 빠져든다. 모든 것을 포기할 만큼 태주를 사랑하게 된 상현은 끝내 신부의 옷을 벗고 그녀의 세계로 들어 간다. 인간적 욕망의 기쁨이 이런 것이었던가. 이제 모든 쾌락을 갈구하게 된 상현은  신부라는 굴레를 벗어 던진다.점점 더 대담해져만 가는 상현과 태주의 사랑. 상현이 뱀파이어라는 사실을 알게 된 태주는 두려움에 거리를 두지만 그것도 잠시, 상현의 가공할 힘을 이용해 남편을 죽이자고 유혹한다. 사랑이란 이름으로 더욱 그를 조여오는 태주. 살인만은 피하고자 했던 상현은 결국 태주를 위해 강우를 죽이기 위한 그녀의 제안을 받아들이는데… 한치 앞을 알 수 없는 이들의 사랑, 과연 그 끝은 어떻게 될까.","2%, 62%, 23%, 11%, 2%",https://movie-phinf.pstatic.net/20111223_205/132457019000969gj4_JPEG/movie_image.jpg?type=m203_290_2
75,그 여름 가장 조용한 바다,12세 관람가,8.71,드라마,"
								100분
							

							
							
								
								",2004.08.13,기타노 다케시,"카와하라 사부, 마키 쿠로우도, 오시마 히로코","듣지도 말하지도 못하는 주인공 시게루. 쓰레기 수거일을 하는 그의 곁엔 유일하게 여자친구만이 함께 한다. 시게루는 어느 날 바닷가 쓰레기통에서 버려진 서핑보드를 줍는다. 다음날부터 매일 같은 장소를 지나 바다로 걸어가는 시게루와 여자친구. 다른 서핑팀들이 지켜보는 가운데 시게루는 혼자 파도를 타고 여자친구는 바닷가에 앉아 그를 기다린다. 하지만 시게루의 서핑보드는 완전히 망가지고, 결국 돈을 모아 새로운 서핑보드를 구입한다.다시 바다로 걸어나가 파도를 타는 시게루와 여전히 그를 지켜보는 여자친구. 한편 이들을 주시하던 서핑 팀은 자신들의 팀에 합류할 것을 권유하고, 시게루는 처음으로 대회에도 나가고 팀원들과 함께 서핑을 즐기게 된다. 그러던 어느 비오는 날 여자친구보다 조금 먼저 바다로 나갔던 시게루는 돌아오지 않는다…","0%, 62%, 30%, 4%, 4%",https://movie-phinf.pstatic.net/20170627_272/1498555306196it5pl_JPEG/movie_image.jpg?type=m203_290_2
76,펄프 픽션,청소년 관람불가,8.77,범죄,"
								154분
							

							
							
								
								",1994.09.10,쿠엔틴 타란티노,"존 트라볼타, 사무엘 L. 잭슨, 우마 서먼","어느 식당에 두 남녀 건달(팀 로스, 아만다 플러머 분)이 손님을 상대로 강도행각을 벌이는 사건으로부터 영화는 시작된다.암스테르담에서 돌아온 빈센트(존 트라볼타 분)는 동료 건달 쥴스(사무엘 L. 잭슨 분)와 함께 건달 두목 마르세러스(빙 라메스 분)의 금가방을 찾기 위하여 다른 건달이 사는 집으로 찾아간다. 건달들의 일상의 대화 속에 이들의 생활이 진솔하게 그려진다. 쥴스는 마르셀러스를 속인 일당을 죽일 때 성경 구절을 암송한다. 그러나 이 사건도 중간까지만 전개되고 다음의 에피소드로 넘어간다.마르셀러스는 부치를 불러 5라운드에서 상대 선수에게 져 주라고 돈을 건네준다. 한편, 빈센트는 마르셀러스의 부탁으로 마르셀러스의 아내 미아와 저녁을 먹으러 갔다가 미아가 약물과다 복용으로 죽어가는 것을 천신만고의 노력으로 구해낸다. 부치는 어렸을 때 증조 할아버지로부터 물려 받은 시계의 내력에 관한 꿈을 꾸고는 마르셀러스와 맺은 약속을 지키기는 커녕 상대 선수를 때려 눕혀 결국 사망에까지 이르자 도망친다. 마르셀러스는 부치를 잡아오라고 명령을 내리고, 부치는 애인 화비안과 도망을 가려는 중 자신에게 남다른 사연과 내력이 있는 시계를 두고 온 것을 알고는 살던 아파트로 향한다.[스포일러] 아파트에는 빈센트가 부치를 잡으려고 잠복하고 있었는데, 부치는 운이 좋아 예상외로 쉽게 빈센트를 죽여 버린다.(결국 이 사건은 영화의 맨 마지막 장면 다음에 일어난 사건임을 알 수 있다. 이 영화의 매력적인 특이한 구성 구조로 인하여 이러한 사건의 순서가 가능하다) 부치는 화비안을 만나러 가다가 마르셀러스를 우연히 만나 쫓고 쫓기던 중 다른 변태 건달들에게 잡혀 수난을 당한다. 결국 부치가 마르셀러스를 구해 준 대가로 둘은 협정을 맺어 용서를 받고, 화비안과 함께 무사히 뒷골목의 건달 세계를 빠져 나간다.빈센트와 쥴스는 마르셀러스의 금이 든 가방을 찾아오다가 그만 오발 사고로 사람을 죽여서 곤경에 처한다. 마르셀러스는 해결사 울프(하비 키이텔 분)를 보내 이들을 돕는다. 쥴스는 여러 곤경에서 살아 온 경험에서 신의 섭리를 느꼈다면서, 건달의 세계에서 손을 씻겠다고 다짐을 한다. 빈센트와 쥴스가 아침 식사를 하고 있는 식당에서 바로 영화의 첫 사전의 강도 행각이 벌어진다. 쥴스는 식당 강도인 풋내기 좀도둑 커플 하니버니와 펌킨을 붙잡아 훈계를 하고 풀어준다. 쥴스와 빈센트는 금가방을 가지고 마르셀러스에게 돌아간다.","6%, 48%, 24%, 13%, 9%",https://movie-phinf.pstatic.net/20111221_33/1324474363727fxRgN_JPEG/movie_image.jpg?type=m203_290_2
77,오발탄,15세 관람가,8.44,드라마,"
								107분
							

							
							
								
								",1961.04.13,유현목,"김진규, 최무룡","송철호(김진규분)는 박봉에 시달리는 가난한 계리사다. 양쪽에 난 사랑니로 치통을 앓고 있는 그는 충치 하나 뽑을 여유 없이 하루하루 힘겹게 살아간다. 그에게는 늘 ‘가자’고 외쳐대는 정신이상의 노모와, 영양실조에 걸린 만삭의 아내(문정숙분), 그리고 제대 후 변변한 직장 하나 없이 사고만 연발하는 동생 영호(최무룡분)가 있다. 그 외 여동생 명숙과 막내동생 민호, 그리고 신발을 사달라고 졸라대는 어린 딸이 있다. 월급날에도 선뜻 치과에 가지 못하고, 딸아이 사줄 신발을 뒤적거리다가 슬며시 놓아버리고 말 정도로 가난한 살림살이. 명숙은 상이군인으로 제대한 경식과 서로 사랑하는 사이지만 경식은 자신의 아픈 다리 때문에 명숙을 멀리 한다. 결국 양공주로 밤거리에 나서게 되는 명숙.한편 영호는 다방레지이자 영화배우인 미리에게 영화에 출연할 것을 제의받지만, 자신의 옆구리에 난 관통상 때문인 것을 알고 박차고 나와 버린다. 한편 영호는 우연히 군대시절 야전병원에서 만났던 설희를 다시 만나게 된다. 설희의 집에까지 간 영호는 설희의 옆집에 산다는 시를 쓴다는 청년으로부터 적의에 찬 시선을 받는다. 몇일 뒤 설희와 하룻밤을 보내는 영호. 다음날 설희의 집을 찾아간 영호는 설희가 이웃집 청년에 의해 살해당했음을 알게 된다.설희의 방에서 실탄이 든 권총을 숨겨가지고 나오는 영호. 영호는 은행을 털 결심을 하고 박하사에게 운전을 부탁한다. 그러나 총소리에 놀란 박하사는 도망가 버리고 영호는 돈이 든 가방을 들고 도주하다가 잡히고 만다. 경찰서에서 집에 돌아온 철호는 출산을 하던 아내가 위독하다는 말을 듣는다. 병원에 달려가나 아내는 이미 숨을 거둔 상태. 철호는 휘청휘청 걷다가 치과에 들어가 사랑니를 뺀다. 다른 쪽도 마저 빼줄 것을 요청하는 철호에게 의사는 출혈이 심해 위험하다며 거절한다. 그러나 철호는 다른 치과에 가서 마저 사랑니를 뺀다. 택시에 올라탄 철호, 노모가 계신 집으로 가다가 다시 방향을 바꿔 경찰서로 가자고 한다. 어디로 가야 할지 모르고 우왕좌왕하는 그의 입에서는 끊임없이 피가 흘러내리고, 택시 운전수는 어디서 오발탄 같은 손님이 걸렸냐며 투덜거린다.",,https://movie-phinf.pstatic.net/20111222_83/1324490490029wTd4J_JPEG/movie_image.jpg?type=m203_290_2
78,돌아온 사나이,NR,7.50,멜로/로맨스,"
								91분
							

							
							
								
								",1960.10.14,김수용,"김진규, 최은희, 엄앵란","김수용 문예영화의 초기 대표작으로 모파상의 <첫사랑>을 영화화한 작품.태평양전쟁 당시에 징병으로 끌려나갔던 남편의 전사 통지를 받은 그녀는 자식들을 거느리고 살아갈 길 이 막연하여 개가하였다. 그로부터 20년이 흘러간 어느날, 죽었다던 남편이 살아서 돌아온다. 그녀는 차마 데리고 온 자식들에게 그 사실을 말하지 못한다. 자식들은 지금의 아버지를 친아버지로 알고 있었기 때문이다. 살아온 전 남편도 그녀와 자식들의 행복을 위하여 말없이 발길을 돌려세운다.",,https://movie-phinf.pstatic.net/20111222_2/1324521025816tMAWp_JPEG/movie_image.jpg?type=m203_290_2
79,이 생명 다하도록,NR,8.29,드라마,"
								108분
							

							
							
								
								",1960.07.01,신상옥,"최은희, 김진규, 전영선","제12회 베를린 영화제 아동특별연기상(전영선) 수상.한국전쟁에 참전 중인 김대위는 하반신 불구가 되어 후송된다. 아내 혜경은 그의 재기를 격려하며 간호한다. 피난지 대구에서 만난 병선과 영선 남매는 혜경에게 새로운 삶을 계획하게 하는데, 양공주였던 영선은 사회사업을 부탁하며 모은 돈을 남기고 자살한다. 전세가 회복되고 서울로 돌아온 혜경과 김대위는 전쟁 미망인 구호사업을 시작한다.",,https://movie-phinf.pstatic.net/20111223_197/1324638441010VNdPg_JPEG/movie_image.jpg?type=m203_290_2
80,청춘 쌍곡선,NR,8.73,코미디,"
								100분
							

							
							
								
								",1956.04.10,한형모,"황해, 지학자","가난하고 부유한 두 가정을 풍자적으로 묘사하면서 웃음과 사랑과 눈물을 엮은 명랑 코미디. 제5회 아세아영화제 출품. 당시의 광고 문구는 '새로운 기획으로 참신 간결한 내용과 화면을 이루게 된 본격적인 명랑 폭소 대작'이다.뮤지컬의 요소가 가미된 이 코미디 영화는 한국영화사에서 한국 전쟁 이후 만들어진 최초의 본격 코미디 영화로 평가된다. (1956년작 이병일 감독의 <시집 가는 날>이 있긴 하지만 그것은 일종의 풍자극 성격이 강함) 영화 속에서는 당대 대중의 사랑을 크게 받았던 대중가요...예를 들어 ""이별의 부산 정거장"", ""신라의 달밤"" 등의 노래가 흘러나오면서 우리들의 향수를 자극하는데, 영화에서는 김희갑이 부른다. 영화의 배경으로는 당시 전후 부산의 생활상 등을 볼 수 있다. 또 ""신라의 달밤"" 등의 작곡가로 유명한 박시춘이 영화 속에서 의사 역으로 깜짝 출연한다. 또한 영화의 앞부분에 박시춘과 함께 노래를 부르는 간호사 세 사람이 보이는데 이들은 그 당시 '애자, 숙자, 민자'로 인기 있었던 여성 트리오 가수이다. 아무튼 박시춘은 이 영화에서 영화 음악을 담당했는데 이 영화뿐만 아니라 50년대 한국 영화의 주제가 붐을 예고하기 시작한다. 박시춘은 이 영화 이외에도 이선경 감독의 <나그네 설움>(57), 권영순 감독의 <오부자>(59) 등 50-60년대의 많은 영화에서 주제가와 영화음악을 작곡한다. 또한 영화 타이틀 백이 만화로 매우 흥미를 끌게 되는데 당시 경향신문에 연재되었던 시사 만화 '두꺼비'로 유명한 안의섭의 작품이다. 이렇게 영화 <청춘 쌍곡선>에서는 그 당시 여러 대중문화의 여러 면모를 볼 수 있다. 희극배우로 활발하게 활동했던 코미디언 양훈의 실질적인 영화 데뷔작인 셈인데, 양훈은 이후 양석천과 함께 '홀쭉이와 뚱뚱이'로 한국영화사에서 대표적인 희극배우로 활발한 활동을 하게 된다. (EBS 영화팀)가난한 환경에서 자란 친구(황해 분)와 부유한 가정에서 자란 친구(양훈 분)는 고등학교 동창이다. 어느 날 이 두 사람이 모두 아파서 병원에 오는데... 의사(박시춘 분)는 한 사람은 너무 못먹어서, 한 사람은 너무 잘 먹어서 생긴 병이라고 하면서 두 사람이 서로 환경을 바꿔서 생활해볼 것을 권한다. 어쩔 수 없이 두 사람은 의사의 말에 따른다. 처음에는 서로 내키지 않고 불편해 하지만 점차 새로운 생활에 익숙해져 가고...각자 서로의 여동생(이빈화, 지학자 분)을 사랑하게 되는데.가난한 집 아들 명호는 동창이자 부잣집 아들인 부남을 만난다. 명호는 너무 먹지를 못해서, 부남은 너무 잘 먹어서 병이 난 상태이다. 의사는 두 사람에게 2주간 바꿔 생활하기를 권유한다. 미국 스크루볼 코미디의 계급적인 이야기를 변형하였고 당대 최고의 희극배우들이 뮤지컬을 선보이는 장면도 압권이다.(Myungho, a son from a poor family, meets Bunam, his classmate. Both Myungho and Bunam have been sick; for Myungho, it was because of lack of nutrition; for Bunam, it was because of overeating. The doctor suggests them to switch their lives for two weeks.)",,https://movie-phinf.pstatic.net/20111223_186/1324576348940cao72_JPEG/movie_image.jpg?type=m203_290_2
81,맨발의 백작부인,NR,7.25,드라마,"
								128분
							

							
							
								
								",1956.02.28,조셉 L. 맨키위즈,"험프리 보가트, 에바 가드너","할리우드 제작자 커크 에드워드는 그의 오른팔인 오스카 멀둔 기자와 함께 여배우를 찾기 위해 스페인 마드리드로 간다. 그리고 거기에서 그들은 젊고 아름다운 댄서 마리아(에바 가드너 분)를 발견한다. 그러나 마리아는 그들의 제안을 거절하고, 결국 한 때 잘 나가던 할리우드의 영화감독 해리(험프리 보가트 분)를 내세워 마리아를 데려오는데 성공한다. 할리우드에서 그들은 세편의 영화를 찍고 마리아는 세계적인 스타가 된다. 그러나 마리아의 마음 한 구석엔 항상 허전함이 남고, 진정한 사랑에 대한 갈구가 숨겨져 있다. 그러던 중 마리아는 꿈에도 그리던 왕자 빈센조 백작을 만난다. 둘은 곧 사랑에 빠지고 결혼을 하지만, 신혼 첫날밤 빈센조 백작은 마리아에게 그 자신이 성불구임을 고백하게 되는데.",,https://movie-phinf.pstatic.net/20141226_228/1419586487019Hnffh_JPEG/movie_image.jpg?type=m203_290_2
82,레베카,15세 관람가,8.90,드라마,"
								130분
							

							
							
								
								",1954.03.02,알프레드 히치콕,"로렌스 올리비에, 주디스 앤더슨, 조안 폰테인","평범하고 수줍음 잘 타는 그녀는 몬테 카를로에서 몇년 전 아내 레베카와 사별한 부유한 신사 맥심을 만나 사랑에 빠진다.그녀는 아직도 전처를 잃은 슬픔에 다소 불안정한 심리 상태의 맥심과 결혼 후 그의 대저택 '맨덜리'에 입성한다.아름답지만 음산하고 기묘한 분위기를 풍기는 대저택 ‘맨덜리’는 죽은 레베카가 마치 살아 숨쉬고 있는 것처럼 레베카에게 깊게 물들어 있다.집사 댄버스 부인 마저 시종일관 무표정함을 유지하며 경계심을 드러내 그녀를 노이로제 상태로 몰아간다.하지만 남편 맥심은 자신의 심적 고통 때문에 미처 그녀에게 신경을 쓰지 못하고그들 부부의 결혼 생활은 위기를 맞이하게 된다.어느 비 바람 몰아치던 저녁, ‘맨덜리’ 저택의 비밀이 드러날 사건이 일어나는데…","0%, 33%, 17%, 25%, 25%",https://movie-phinf.pstatic.net/20180807_140/1533617750191EN05G_JPEG/movie_image.jpg?type=m203_290_2
