title,author,publisher,pub_date,price,score,image_src,image_name
Do it! 점프 투 파이썬,박응용,이지스퍼블리싱,2019년 06월,"16,920",9.6,https://image.yes24.com/goods/74419916/L,74419916
혼자 공부하는 파이썬,윤인성,한빛미디어,2022년 06월,"19,800",9.6,https://image.yes24.com/goods/109625396/L,109625396
만들면서 배우는 파이썬과 40개의 작품들,장문철,앤써북,2022년 02월,"16,920",9.7,https://image.yes24.com/goods/107490270/L,107490270
모두의 데이터 분석 with 파이썬,송석리,길벗,2019년 04월,"16,200",9.4,https://image.yes24.com/goods/72227684/L,72227684
혼자 공부하는 머신러닝+딥러닝,박해선,한빛미디어,2020년 12월,"23,400",9.8,https://image.yes24.com/goods/96024871/L,96024871
이것이 취업을 위한 코딩 테스트다 with 파이썬,나동빈,한빛미디어,2020년 08월,"30,600",9.6,https://image.yes24.com/goods/91433923/L,91433923
전문가를 위한 파이썬 프로그래밍,미하우 야보르스키,제이펍,2022년 08월,"34,200",,https://image.yes24.com/goods/111157036/L,111157036
파이썬 알고리즘 인터뷰,박상길,책만,2020년 07월,"34,200",9.2,https://image.yes24.com/goods/91084402/L,91084402
1일 1로그 100일 완성 IT 지식,브라이언 W. 커니핸,인사이트(insight),2021년 12월,"18,000",9.9,https://image.yes24.com/goods/105803863/L,105803863
"일잘러의 비밀, 엑셀 대신 파이썬으로 업무 자동화하기",포스코인재창조원,한빛미디어,2022년 05월,"21,600",9.4,https://image.yes24.com/goods/109003861/L,109003861
파이썬 머신러닝 완벽 가이드,권철민,위키북스,2022년 04월,"36,000",10,https://image.yes24.com/goods/108824557/L,108824557
클린 코드 이제는 파이썬이다,알 스웨이가트,책만,2022년 08월,"27,000",,https://image.yes24.com/goods/111408257/L,111408257
핸즈온 머신러닝,오렐리앙 제롱,한빛미디어,2020년 05월,"49,500",9.2,https://image.yes24.com/goods/89959711/L,89959711
밑바닥부터 시작하는 딥러닝,사이토 고키,한빛미디어,2017년 01월,"21,600",9.5,https://image.yes24.com/goods/34970929/L,34970929
예제부터 배우는 거꾸로 파이썬,구재홍,비제이퍼블릭(BJ퍼블릭),,"20,700",,https://image.yes24.com/goods/111379316/L,111379316
Do it! 쉽게 배우는 파이썬 데이터 분석,김영우,이지스퍼블리싱,2022년 05월,"20,700",10,https://image.yes24.com/goods/108947478/L,108947478
백엔드를 위한 Django REST Framework with 파이썬,권태형,영진닷컴,2022년 05월,"16,200",10,https://image.yes24.com/goods/109337398/L,109337398
Do it! 자료구조와 함께 배우는 알고리즘 입문 : 파이썬 편,시바타 보요,이지스퍼블리싱,2020년 07월,"19,800",9.6,https://image.yes24.com/goods/91219874/L,91219874
파이토치 딥러닝 마스터,엘리 스티븐스,책만,2022년 06월,"31,500",,https://image.yes24.com/goods/110242151/L,110242151
밑바닥부터 시작하는 딥러닝 2,사이토 고키,한빛미디어,2019년 05월,"26,100",9.8,https://image.yes24.com/goods/72173703/L,72173703
Python을 이용한 개인화 추천 시스템,임일,도서출판청람(이수영),2022년 06월,"20,000",,https://image.yes24.com/goods/110328538/L,110328538
모두의 인공지능 기초 수학,서지영,길벗,2020년 08월,"22,500",9.1,https://image.yes24.com/goods/91358533/L,91358533
파이썬 한권으로 끝내기,데싸라면,시대고시기획 시대교육,2022년 06월,"24,300",10,https://image.yes24.com/goods/109181647/L,109181647
"머신 러닝 교과서 with 파이썬, 사이킷런, 텐서플로",세바스찬 라시카,길벗,2021년 03월,"39,600",10,https://image.yes24.com/goods/98809693/L,98809693
Do it! 첫 파이썬,엘리스 코딩,이지스퍼블리싱,2020년 04월,"12,600",9.7,https://image.yes24.com/goods/89904189/L,89904189
파이썬 코딩의 기술(개정2판),브렛 슬라킨,길벗,2020년 10월,"28,800",9.7,https://image.yes24.com/goods/94197582/L,94197582
밑바닥부터 시작하는 딥러닝 3,사이토 고키,한빛미디어,2020년 11월,"34,200",9.5,https://image.yes24.com/goods/95343845/L,95343845
파이썬 라이브러리를 활용한 데이터 분석,웨스 맥키니,한빛미디어,2019년 05월,"31,500",9.1,https://image.yes24.com/goods/73268296/L,73268296
쉽게 따라 만드는 파이썬 주식 자동매매 시스템,박준성,길벗,2021년 10월,"25,200",9.6,https://image.yes24.com/goods/104102229/L,104102229
나는 파이썬으로 머신러닝한다 1,최정원,씨마스,2022년 06월,"19,800",9.9,https://image.yes24.com/goods/109838545/L,109838545
파이썬을 활용한 베이지안 통계,앨런 B. 다우니,한빛미디어,2022년 06월,"28,800",9.8,https://image.yes24.com/goods/110225436/L,110225436
Black Hat Python 2/e,저스틴 지이츠,에이콘출판사,2022년 04월,"25,200",,https://image.yes24.com/goods/108802330/L,108802330
파이썬 자동화 교과서,구지라 히코즈쿠에,제이펍,2022년 07월,"24,300",9.5,https://image.yes24.com/goods/110509098/L,110509098
모두의 파이썬,이승찬,길벗,2018년 10월,"10,800",9.6,https://image.yes24.com/goods/66531799/L,66531799
Do it! 점프 투 파이썬 라이브러리 예제 편,박응용,이지스퍼블리싱,2022년 05월,"23,400",8,https://image.yes24.com/goods/109209932/L,109209932
혼자 공부하는 첫 프로그래밍 with 파이썬,문현일,한빛미디어,2020년 06월,"15,300",9.5,https://image.yes24.com/goods/90617738/L,90617738
python으로 배우는 OpenCV 프로그래밍,김동근,가메출판사,2021년 12월,"25,200",,https://image.yes24.com/goods/105655600/L,105655600
한 권으로 끝내는 아두이노와 파이썬으로 52개 작품 만들기,장문철,앤써북,2022년 03월,"19,800",9.4,https://image.yes24.com/goods/107663960/L,107663960
파이썬 라이브러리를 활용한 머신러닝,안드레아스 뮐러,한빛미디어,2022년 02월,"29,700",9.9,https://image.yes24.com/goods/107680777/L,107680777
데이터 과학을 위한 통계,피터 브루스,한빛미디어,2021년 05월,"30,600",9.6,https://image.yes24.com/goods/99942893/L,99942893
파이썬 코딩 도장,남재윤,길벗,2018년 11월,"22,500",9.5,https://image.yes24.com/goods/66758183/L,66758183
파이썬 딥러닝 파이토치 (Python Deep Learning PyTorch),이경택,정보문화사,2020년 10월,"22,500",9.3,https://image.yes24.com/goods/93376077/L,93376077
The Python 3 Standard Library by Example,더그 헬먼,에이콘출판사,2020년 06월,"52,200",9,https://image.yes24.com/goods/90576644/L,90576644
코어 파이썬 애플리케이션 프로그래밍 Core Python Applications Programming Third Edition,오현석,에이콘출판사,2014년 01월,"45,000",8,https://image.yes24.com/goods/11949670/L,11949670
Do it! 점프 투 장고,박응용,이지스퍼블리싱,2021년 01월,"17,820",9.8,https://image.yes24.com/goods/96376772/L,96376772
Python Programming for Beginners,제이슨 캐넌,에이콘출판사,2015년 11월,"15,300",4,https://image.yes24.com/goods/23029348/L,23029348
Python Design Patterns,제나디 즐로빈,에이콘출판사,2014년 03월,"10,800",,https://image.yes24.com/goods/12362965/L,12362965
Python Machine Learning by Example,요우시 리우,에이콘출판사,2018년 09월,"22,500",,https://image.yes24.com/goods/64096729/L,64096729
Building Machine Learning Systems with Python 한국어판,윌리 리커트,에이콘출판사,2015년 09월,"27,000",10,https://image.yes24.com/goods/20296766/L,20296766
CODING BASICS PYTHON,김상민,REXmedia(렉스미디어),2022년 02월,"18,000",,https://image.yes24.com/goods/107036371/L,107036371
OpenCV · Python 머신러닝 · 딥러닝 프로그래밍,김동근,가메출판사,2022년 03월,"23,400",,https://image.yes24.com/goods/108720317/L,108720317
최적합 전문코딩능력평가 COS PRO 2급 Python,장대경,성안당,2019년 04월,"19,800",10,https://image.yes24.com/goods/72307788/L,72307788
Do it! 파이썬 생활 프로그래밍,김창현,이지스퍼블리싱,2020년 07월,"18,000",9.5,https://image.yes24.com/goods/91437485/L,91437485
파이썬 머신러닝 판다스 데이터 분석,오승환,정보문화사,2019년 06월,"22,500",9.2,https://image.yes24.com/goods/74258258/L,74258258
파이썬 Python 1학년,모리 요시나오,성안당,2018년 12월,"15,300",9.9,https://image.yes24.com/goods/67451303/L,67451303
실무자를 위한 파이썬 Python 100제,오승환,정보문화사,2020년 02월,"18,000",9.6,https://image.yes24.com/goods/89342359/L,89342359
Python과 Pygame으로 게임 만들기,알 슈베이가르트,정보문화사,2014년 06월,"20,700",,https://image.yes24.com/goods/13709740/L,13709740
김변수와 시작하는 코딩생활 with 파이썬,코뮤니티 운영진(휴몬랩),영진닷컴,2022년 03월,"16,200",10,https://image.yes24.com/goods/108038633/L,108038633
Python 파이썬 2학년 스크래핑의 구조,모리 요시나오,성안당,2021년 11월,"15,300",9.6,https://image.yes24.com/goods/104862127/L,104862127
파이썬 Python 2학년,모리 요시나오,성안당,2021년 05월,"15,300",,https://image.yes24.com/goods/101510643/L,101510643
The Python - 파이썬 프로그래밍,허진경,BOOKK(부크크),2021년 09월,"32,000",,https://image.yes24.com/goods/103756013/L,103756013
프로그래머를 위한 Python? 파이썬,폴 데이텔,성안당,2021년 12월,"34,200",9.8,https://image.yes24.com/goods/105790286/L,105790286
Python 3 START-UP,신윤환,북스홀릭퍼블리싱,2018년 06월,"22,500",,https://image.yes24.com/goods/61510018/L,61510018
Python으로 시작하는 빅데이터분석 및 인공지능,조준모,인피니티북스,2021년 02월,"26,000",,https://image.yes24.com/goods/97697238/L,97697238
비트코딩 Python,박해민,햄큐(HAMQ),2018년 10월,"18,000",6,https://image.yes24.com/goods/66884838/L,66884838
작심 3일 파이썬 Python,황덕창,스포트라잇북,2019년 04월,"16,200",,https://image.yes24.com/goods/72149483/L,72149483
컴퓨팅 사고력 프로그래밍 파이썬 PYTHON,김충석,이한미디어,2020년 02월,"22,000",,https://image.yes24.com/goods/88240939/L,88240939
Python Cookbook,데이비드 비즐리,인피니티북스,2014년 02월,"34,200",,https://image.yes24.com/goods/11949491/L,11949491
OpenCV-Python으로 배우는 영상처리 및 응용,정성환,생능출판사,2020년 11월,"35,000",,https://image.yes24.com/goods/95785417/L,95785417
알파(R과 Python)를 활용한 인공지능 챗봇 14,황윤찬,스토리조아(STORYJOA),2020년 12월,"20,700",,https://image.yes24.com/goods/96568020/L,96568020
Python으로 배우는 문제해결과 인공지능,김현정,인피니티북스,2021년 02월,"23,000",,https://image.yes24.com/goods/97702064/L,97702064
이기적 빅데이터분석기사 실기 기본서,나홍석,영진닷컴,2022년 05월,"28,800",10,https://image.yes24.com/goods/109009095/L,109009095
누구나 파이썬 Python 너도 데이터 가지고 놀 수 있어!,민형기,잇플ITPLE,2020년 01월,"16,200",9.1,https://image.yes24.com/goods/86962608/L,86962608
Python을 이용한 데이터 분석과 시각화,김계수,한나래,2020년 10월,"28,000",,https://image.yes24.com/goods/93520247/L,93520247
사물인터넷 with Python 실전 프로젝트 가이드,박진현,아이콕스(iCox),2019년 08월,"24,700",8,https://image.yes24.com/goods/78213004/L,78213004
Python과 SQL을 활용한 실전 데이터 전처리,이현호,카오스북,2018년 07월,"13,000",,https://image.yes24.com/goods/62158196/L,62158196
파이썬 Python을 이용한 통계학 원론,권세혁,교우사(오판근),2022년 03월,"23,000",,https://image.yes24.com/goods/107478267/L,107478267
PYTHON 파이썬만 잡아도,김병만,카오스북,2018년 07월,"25,000",,https://image.yes24.com/goods/62057071/L,62057071
Python 실습으로 기초부터,이진영,서현사,2017년 08월,"22,000",,https://image.yes24.com/goods/98795965/L,98795965
파이썬으로 하는 데브옵스,노아 기프트,에이콘출판사,2021년 06월,"36,000",,https://image.yes24.com/goods/102181721/L,102181721
이것이 MySQL이다,우재남,한빛미디어,2020년 05월,"28,800",9.8,https://image.yes24.com/goods/90118480/L,90118480
Raptor와 Python으로 배우는 소프트웨어 기초설계,하옥균,연두에디션,2021년 11월,"22,000",,https://image.yes24.com/goods/107035314/L,107035314
Python을 이용한 공학수치해석,Jaan Kiusalaas,학산미디어,2021년 09월,"32,000",,https://image.yes24.com/goods/105120823/L,105120823
파이썬으로 살펴보는 아키텍처 패턴,해리 퍼시벌,한빛미디어,2021년 06월,"28,800",9.1,https://image.yes24.com/goods/101818336/L,101818336
프로 안드로이드 SL4A : ProAndroid Python with SL4A,Paul Ferrill,와우북스,2012년 02월,"23,400",,https://image.yes24.com/goods/6271048/L,6271048
Python으로 쉽게 배우는 통계 프로그래밍,김재희,자유아카데미,2021년 05월,"28,000",,https://image.yes24.com/goods/101986150/L,101986150
Let’s Start Coding with Raptor & Python,김충석,앤아이컴즈,2019년 08월,"24,000",,https://image.yes24.com/goods/78515937/L,78515937
Python Programming 터틀부터 게임 개발까지,이영준,교학사,2019년 03월,"13,500",,https://image.yes24.com/goods/70874512/L,70874512
나만의 Python Game 만들기,알 슈베이가르트,정보문화사,2014년 06월,"22,500",,https://image.yes24.com/goods/13709746/L,13709746
Python으로 학습하는 컴퓨터 알고리즘,배인한,홍릉,2020년 12월,"20,000",,https://image.yes24.com/goods/96402750/L,96402750
R과 Python을 이용한 비모수통계학,박상언,자유아카데미,2022년 01월,"24,000",,https://image.yes24.com/goods/105671368/L,105671368
스마트로봇 EV3를 활용한 Python 프로그래밍,남상엽,상학당,2020년 09월,"30,000",,https://image.yes24.com/goods/92728014/L,92728014
Python으로 체험하는 딥러닝,아사카와 신이치,한티미디어,2019년 02월,"23,000",,https://image.yes24.com/goods/69774984/L,69774984
Python을 이용한 빅데이터 분석 기초,백현기,공동체,2021년 01월,"17,000",,https://image.yes24.com/goods/97703156/L,97703156
스마트시티를 위한 PYTHON 프로그래밍,김성환,서울시립대학교출판부,2022년 03월,"30,000",,https://image.yes24.com/goods/108553550/L,108553550
예제 중심의 Python 3,최용,인피니티북스,2014년 02월,"22,500",7.6,https://image.yes24.com/goods/12073552/L,12073552
컴퓨터와 Python을 활용한 컴퓨팅 사고,오하영,휴먼싸이언스,2018년 02월,"13,000",,https://image.yes24.com/goods/61260498/L,61260498
비지니스 Python 첫걸음,나카지마 쇼,출판사Bogook(출판사보국),2021년 11월,"20,700",,https://image.yes24.com/goods/105182492/L,105182492
Python 예제로 배우는 OpenCV 3.x,Prateek Joshi,홍릉과학출판사,2018년 09월,"27,000",,https://image.yes24.com/goods/64728927/L,64728927
파이썬 증권 데이터 분석,김황후,한빛미디어,2020년 07월,"28,800",9.5,https://image.yes24.com/goods/90578506/L,90578506
실전 알고리듬 트레이딩 레벨업,안드레아스 F. 클레노우,에이콘출판사,2022년 07월,"36,000",,https://image.yes24.com/goods/110815873/L,110815873
케라스 창시자에게 배우는 딥러닝,프랑소와 숄레,길벗,2018년 10월,"29,700",8.9,https://image.yes24.com/goods/65050162/L,65050162
파이썬 텍스트 마이닝 완벽 가이드,박상언,위키북스,2022년 02월,"25,200",,https://image.yes24.com/goods/107008224/L,107008224
데이터 사이언티스트 실전 노트,이지영,비제이퍼블릭(BJ퍼블릭),2022년 06월,"27,000",10,https://image.yes24.com/goods/110281958/L,110281958
실전 시계열 분석,에일린 닐슨,한빛미디어,2021년 04월,"34,200",9.4,https://image.yes24.com/goods/98576347/L,98576347
데싸노트의 실전에서 통하는 머신러닝,권시현,골든래빗,2022년 07월,"30,600",10,https://image.yes24.com/goods/110511505/L,110511505
선형대수와 통계학으로 배우는 머신러닝 with 파이썬,장철원,비제이퍼블릭(BJ퍼블릭),2021년 01월,"33,750",9.2,https://image.yes24.com/goods/97032765/L,97032765
Do it! 장고+부트스트랩 파이썬 웹 개발의 정석,이성용,이지스퍼블리싱,2021년 01월,"28,800",9.7,https://image.yes24.com/goods/96541859/L,96541859
파이썬 마스터 3급,김상민,REXmedia(렉스미디어),2021년 12월,"16,200",,https://image.yes24.com/goods/105422326/L,105422326
현장에서 바로 써먹는 데이터 분석 with 파이썬,김임용,심통,2022년 06월,"28,800",10,https://image.yes24.com/goods/110245221/L,110245221
이것이 데이터 분석이다 with 파이썬,윤기태,한빛미디어,2020년 02월,"25,200",9.5,https://image.yes24.com/goods/87039632/L,87039632
모두의 알고리즘 with 파이썬,이승찬,길벗,2017년 05월,"14,400",9.4,https://image.yes24.com/goods/40443936/L,40443936
파이썬으로 웹 크롤러 만들기,라이언 미첼,한빛미디어,2019년 03월,"22,500",9.4,https://image.yes24.com/goods/71047040/L,71047040
Must Have 텐초의 파이토치 딥러닝 특강,이종민,골든래빗,2022년 08월,"27,000",,https://image.yes24.com/goods/111102197/L,111102197
데이터 과학 기반의 파이썬 빅데이터 분석,이지영,한빛아카데미,2020년 12월,"28,000",,https://image.yes24.com/goods/96652194/L,96652194
Do it! 점프 투 플라스크,박응용,이지스퍼블리싱,2020년 11월,"17,820",9.6,https://image.yes24.com/goods/95751850/L,95751850
파이썬 객체지향 프로그래밍 4/e,스티븐 로트,에이콘출판사,2022년 06월,"38,700",,https://image.yes24.com/goods/110141162/L,110141162
처음 시작하는 파이썬,빌 루바노빅,한빛미디어,2020년 08월,"32,400",9.2,https://image.yes24.com/goods/91870652/L,91870652
Hello Coding 그림으로 개념을 이해하는 알고리즘,아디트야 바르가바,한빛미디어,2017년 04월,"19,800",9.4,https://image.yes24.com/goods/37885448/L,37885448
파이썬과R,심송용,한국방송통신대학교출판문화원,2020년 07월,"14,900",,https://image.yes24.com/goods/91766761/L,91766761
파이썬 클린 코드,마리아노 아나야,터닝포인트,2019년 02월,"25,200",9,https://image.yes24.com/goods/69064790/L,69064790
파이썬 데이터 분석 실무 테크닉 100,시모야마 테루마사,위키북스,2020년 07월,"23,400",10,https://image.yes24.com/goods/91302724/L,91302724
파이썬 GUI 프로그래밍 쿡북 3/e,부르크하르트 메이어,에이콘출판사,2021년 09월,"31,500",7,https://image.yes24.com/goods/103596485/L,103596485
파이썬을 이용한 비트코인 자동매매,조대표,파이스탁,2021년 03월,"24,300",8,https://image.yes24.com/goods/98135876/L,98135876
파이썬 해킹 레시피,공재웅,비제이퍼블릭(BJ퍼블릭),2021년 06월,"23,400",10,https://image.yes24.com/goods/101921911/L,101921911
고성능 파이썬,미샤 고렐릭,한빛미디어,2021년 05월,"32,400",9.6,https://image.yes24.com/goods/99474941/L,99474941
퀀트 투자를 위한 머신러닝·딥러닝 알고리듬 트레이딩 2/e,스테판 젠슨,에이콘출판사,2021년 09월,"45,000",,https://image.yes24.com/goods/103737182/L,103737182
머신러닝 딥러닝을 이용한 A.I. 자율주행 RC카 프로젝트 with 파이썬+아두이노,서민우,앤써북,2022년 05월,"16,200",9,https://image.yes24.com/goods/109178155/L,109178155
파이썬으로 만드는 나만의 게임,이수안,비제이퍼블릭(BJ퍼블릭),2022년 01월,"22,500",9.4,https://image.yes24.com/goods/106349915/L,106349915
Introduction to 파이썬,황재호,인포앤북,2021년 03월,"22,500",9.8,https://image.yes24.com/goods/97059137/L,97059137
엑셀이 편해지는 파이썬,펠릭스 춤슈타인,한빛미디어,2022년 04월,"25,200",9.6,https://image.yes24.com/goods/108919240/L,108919240
똑똑한 파이썬,황재호,인포앤북,2021년 06월,"16,200",,https://image.yes24.com/goods/101861210/L,101861210
윤성우의 열혈 파이썬 기초편,윤성우,오렌지미디어,2018년 11월,"14,400",,https://image.yes24.com/goods/67025877/L,67025877
바이오파이썬으로 만나는 생물정보학,한주현,비제이퍼블릭(BJ퍼블릭),2019년 03월,"23,400",,https://image.yes24.com/goods/70861061/L,70861061
모두의 인공지능 with 파이썬,이영호,길벗,2020년 12월,"19,800",10,https://image.yes24.com/goods/96262613/L,96262613
두근두근 파이썬,천인국,생능출판사,2017년 01월,"23,280",9.4,https://image.yes24.com/goods/35279965/L,35279965
파이썬 디자인 패턴 2/e,체탄 기리다,에이콘출판사,2018년 11월,"13,500",,https://image.yes24.com/goods/67024256/L,67024256
웹 크롤링 & 데이터 분석 with 파이썬,장철원,인사이트(insight),2022년 01월,"18,000",,https://image.yes24.com/goods/106175772/L,106175772
실무자를 위한 딥러닝,로널드 크누젤,에이콘출판사,2022년 06월,"36,000",10,https://image.yes24.com/goods/110123138/L,110123138
전문가를 위한 파이썬,루시아누 하말류,한빛미디어,2016년 08월,"49,500",9.5,https://image.yes24.com/goods/30231768/L,30231768
윤성우의 열혈 파이썬 중급편,윤성우,오렌지미디어,2019년 10월,"14,400",10,https://image.yes24.com/goods/81519650/L,81519650
XGBoost와 사이킷런을 활용한 그레이디언트 부스팅,코리 웨이드,한빛미디어,2022년 04월,"30,600",9.8,https://image.yes24.com/goods/108708980/L,108708980
인공지능,천인국,인피니티북스,2020년 02월,"30,000",,https://image.yes24.com/goods/87663844/L,87663844
파이썬을 이용한 알고리즘 트레이딩,이브스 힐피쉬,제이펍,2021년 07월,"26,100",10,https://image.yes24.com/goods/102714050/L,102714050
파이썬 데이터 분석 입문,클린턴 브라운리,한빛미디어,2017년 10월,"24,300",7.6,https://image.yes24.com/goods/53584364/L,53584364
파이썬을 활용한 금융 분석,이브 힐피시,한빛미디어,2022년 03월,"40,500",9.7,https://image.yes24.com/goods/108553612/L,108553612
암호와 해킹,장삼용,정보문화사,2019년 08월,"20,700",9.4,https://image.yes24.com/goods/77133746/L,77133746
실전 알고리즘 트레이딩 배우기,세바스티앙 도나디오,에이콘출판사,2021년 02월,"31,500",,https://image.yes24.com/goods/97583384/L,97583384
금융 파이썬 쿡북,에릭 르윈슨,에이콘출판사,2021년 02월,"31,500",,https://image.yes24.com/goods/97246281/L,97246281
가장 쉬운 독학 알고리즘 첫걸음 파이썬편,마스이 도시카츠,동양북스(동양books),2022년 05월,"21,150",10,https://image.yes24.com/goods/109143633/L,109143633
마인크래프트로 배우는 파이썬 프로그래밍,크레이그 리처드슨,제이펍,2016년 08월,"22,500",8.6,https://image.yes24.com/goods/30123117/L,30123117
Do it! 첫 코딩 with 파이썬,정동균,이지스퍼블리싱,2021년 01월,"16,200",9.8,https://image.yes24.com/goods/96580456/L,96580456
뚝딱뚝딱 파이썬 자동화,알 스웨이가트,인사이트(insight),2021년 07월,"29,700",10,https://image.yes24.com/goods/102728300/L,102728300
실무에 바로 적용하는 파이썬 코드 레시피 302,구로즈미 다카유키,제이펍,2022년 04월,"28,800",9.8,https://image.yes24.com/goods/108588316/L,108588316
파이썬으로 만드는 인공지능,오일석,한빛아카데미,2021년 01월,"31,000",9,https://image.yes24.com/goods/96969993/L,96969993
한 권으로 다지는 머신러닝&딥러닝 with 파이썬,알베르토 아르타산체스,한빛미디어,2021년 10월,"36,000",9.5,https://image.yes24.com/goods/104122934/L,104122934
강화학습 첫걸음,아서 줄리아니,한빛미디어,2017년 12월,"16,200",8.8,https://image.yes24.com/goods/57617908/L,57617908
파이썬으로 풀어보는 회귀분석,루카 마싸론,에이콘출판사,2018년 12월,"27,000",,https://image.yes24.com/goods/67450185/L,67450185
"파이썬 웹 프로그래밍, 실전편",김석훈,한빛미디어,2019년 11월,"28,800",8.6,https://image.yes24.com/goods/80855594/L,80855594
코딩 테스트로 시작하는 파이썬 프로그래밍,다니엘 진가로,영진닷컴,2022년 04월,"21,600",10,https://image.yes24.com/goods/108929583/L,108929583
파이썬 무작정 따라하기,서승희,길벗,2021년 12월,"14,400",9.9,https://image.yes24.com/goods/105520611/L,105520611
실전 파이썬 핸즈온 프로젝트,리 본,책만,2022년 05월,"25,200",,https://image.yes24.com/goods/109708964/L,109708964
파이썬 비동기 라이브러리 Asyncio,케일럽 해팅,한빛미디어,2021년 05월,"16,200",8.5,https://image.yes24.com/goods/99474986/L,99474986
파이썬 챌린지,니콜라 레이시,제이펍,2021년 05월,"10,080",9.4,https://image.yes24.com/goods/101442104/L,101442104
사이버 보안을 위한 머신러닝 쿡북,엠메누엘 츠케르만,에이콘출판사,2021년 10월,"31,500",,https://image.yes24.com/goods/104425262/L,104425262
난생처음 파이썬 프로그래밍,우재남,한빛아카데미,2021년 06월,"24,000",,https://image.yes24.com/goods/102485981/L,102485981
파이썬 딥러닝 머신러닝 입문,오승환,정보문화사,2021년 01월,"22,500",9,https://image.yes24.com/goods/96087004/L,96087004
처음 배우는 딥러닝 챗봇,조경래,한빛미디어,2020년 11월,"23,400",9,https://image.yes24.com/goods/94462359/L,94462359
흥미로운 베이지안 통계,윌 커트,에이콘출판사,2020년 12월,"27,000",,https://image.yes24.com/goods/96379169/L,96379169
자연어 처리 쿡북 with 파이썬,크리슈나 바브사,에이콘출판사,2019년 01월,"27,000",7,https://image.yes24.com/goods/68733448/L,68733448
21개의 작고 재미난 파이썬 프로젝트,켄 유엔스-클락,제이펍,2021년 08월,"27,000",10,https://image.yes24.com/goods/102935682/L,102935682
"엑셀, R, 파이썬으로 시작하는 데이터 분석",조지 마운트,한빛미디어,2022년 04월,"19,800",9.4,https://image.yes24.com/goods/109048441/L,109048441
파이썬으로 무인도 탈출하기,박정호,생능출판사,2019년 08월,"12,600",9.6,https://image.yes24.com/goods/78215635/L,78215635
스타트 파이썬,황재호,인포앤북,2022년 02월,"18,900",,https://image.yes24.com/goods/107445081/L,107445081
생명정보학 알고리즘,미겔 로샤,에이콘출판사,2020년 10월,"36,000",,https://image.yes24.com/goods/93763052/L,93763052
파이썬으로 데이터 마이닝 시작하기,나단 그리넬치,에이콘출판사,2019년 12월,"18,900",,https://image.yes24.com/goods/84781000/L,84781000
자연어 처리와 컴퓨터 언어학,바르가브 스리니바사 디지칸,에이콘출판사,2019년 06월,"27,000",,https://image.yes24.com/goods/74600127/L,74600127
한 권으로 배우는 파이썬 기초 & 알고리즘 사고법,아리스티데스 보우라스,제이펍,2018년 07월,"27,000",10,https://image.yes24.com/goods/61975286/L,61975286
나의 첫 파이썬,에릭 마테스,한빛미디어,2020년 07월,"27,000",9.3,https://image.yes24.com/goods/90900588/L,90900588
실무 예제로 배우는 데이터 공학,폴 크리커드,제이펍,2021년 07월,"24,300",9,https://image.yes24.com/goods/102628179/L,102628179
파이썬 웹 프로그래밍,김석훈,한빛미디어,2018년 08월,"19,800",8.5,https://image.yes24.com/goods/63503495/L,63503495
진지한 파이썬,쥘래앵 당주,한빛미디어,2021년 01월,"25,200",8.4,https://image.yes24.com/goods/96789375/L,96789375
파이썬을 이용한 딥러닝/강화학습 주식투자,퀀티랩,위키북스,2022년 03월,"27,000",,https://image.yes24.com/goods/108251432/L,108251432
AWS로 시작하는 AI 서비스 with 파이썬,이노우에 켄이치,영진닷컴,2021년 11월,"19,800",10,https://image.yes24.com/goods/104491169/L,104491169
파이썬으로 배우는 게임 개발 실전편,히로세 츠요시,제이펍,2020년 11월,"27,000",10,https://image.yes24.com/goods/95275924/L,95275924
효율적 개발로 이끄는 파이썬 실천 기술,스야마 레이,제이펍,2021년 04월,"19,800",9.1,https://image.yes24.com/goods/99123748/L,99123748
한 권으로 끝내는 파이썬 인공지능 입문+실전 [종합편],서민우,앤써북,2021년 09월,"20,700",10,https://image.yes24.com/goods/103740174/L,103740174
파이썬 데이터 사이언스 핸드북,제이크 밴더플래스,위키북스,2017년 09월,"34,200",8,https://image.yes24.com/goods/50330345/L,50330345
알 스웨이가트의 파이썬 프로젝트,알 스웨이가트,제이펍,2022년 02월,"25,200",10,https://image.yes24.com/goods/107072661/L,107072661
파이썬 딥러닝 텐서플로,오승환,정보문화사,2021년 06월,"24,300",9.7,https://image.yes24.com/goods/102603640/L,102603640
파이썬으로 배우는 누구나 코딩,강환수,홍릉과학출판사,2019년 08월,"25,000",6,https://image.yes24.com/goods/78495227/L,78495227
당신의 칼퇴를 도와주는 UiPath 업무 자동화,김수환,비제이퍼블릭(BJ퍼블릭),2021년 07월,"25,200",10,https://image.yes24.com/goods/102848801/L,102848801
파이썬으로 데이터 주무르기,민형기,비제이퍼블릭(BJ퍼블릭),2017년 12월,"24,750",8.6,https://image.yes24.com/goods/57670268/L,57670268
지능 기반 의료를 위한 헬스케어 애널리틱스,비카스 쿠마르,에이콘출판사,2021년 11월,"27,000",,https://image.yes24.com/goods/105103713/L,105103713
클린 코드를 위한 테스트 주도 개발,해리 J.W. 퍼시벌,비제이퍼블릭(BJ퍼블릭),2015년 03월,"30,600",,https://image.yes24.com/goods/16886031/L,16886031
6개월 치 업무를 하루 만에 끝내는 업무 자동화,반병현,생능출판사,2020년 12월,"25,200",9.4,https://image.yes24.com/goods/96360166/L,96360166
파이썬과 대스크를 활용한 고성능 데이터 분석,제시 대니얼,한빛미디어,2020년 10월,"25,200",9.3,https://image.yes24.com/goods/92903130/L,92903130
머신 러닝·딥 러닝에 필요한 기초 수학 with 파이썬,조준우,인사이트(insight),2020년 11월,"24,300",10,https://image.yes24.com/goods/94433523/L,94433523
고전 컴퓨터 알고리즘 인 파이썬,데이비드 코펙,한빛미디어,2019년 12월,"22,500",9.2,https://image.yes24.com/goods/83532292/L,83532292
파이썬 웹 스크래핑 2/e,캐서린 자멀,에이콘출판사,2018년 12월,"22,500",,https://image.yes24.com/goods/67533263/L,67533263
처음 만나는 파이썬,가마타 마사히로,제이펍,2017년 03월,"19,800",9.4,https://image.yes24.com/goods/38097960/L,38097960
알고리즘 구현으로 배우는 선형대수 with 파이썬,장철원,비제이퍼블릭(BJ퍼블릭),2021년 12월,"30,600",9.8,https://image.yes24.com/goods/105772247/L,105772247
파이썬으로 배우는 자연어 처리 인 액션,홉슨 레인,제이펍,2020년 03월,"31,500",9.5,https://image.yes24.com/goods/89232661/L,89232661
초보자도 간단히 단숨에 배우는 파이썬,조인석,터닝포인트,2020년 04월,"14,220",9.9,https://image.yes24.com/goods/89555053/L,89555053
파이썬 기반 강화학습 알고리듬,안드레아 론자,에이콘출판사,2021년 08월,"27,000",,https://image.yes24.com/goods/102950449/L,102950449
파이썬으로 풀어보는 수학,아미트 사하,에이콘출판사,2016년 06월,"22,500",,https://image.yes24.com/goods/28806986/L,28806986
파이썬 데이터 과학 통계 학습,황보현우,정보문화사,2021년 05월,"26,100",9.6,https://image.yes24.com/goods/101891366/L,101891366
따라하며 배우는 파이썬과 데이터 과학,천인국,생능출판사,2020년 12월,"26,000",10,https://image.yes24.com/goods/96555988/L,96555988
파이썬을 활용한 네트워크 프로그래밍,파루크 사커,에이콘출판사,2015년 01월,"27,000",,https://image.yes24.com/goods/15852554/L,15852554
누구나 파이썬 통계분석,타니아이 히로키,한빛아카데미,2020년 04월,"24,700",7.5,https://image.yes24.com/goods/89972967/L,89972967
파이썬 모의 해킹과 침투 테스팅,모히트,에이콘출판사,2015년 11월,"18,000",6,https://image.yes24.com/goods/23093894/L,23093894
프로그래밍이 보인다! 파이썬 입문,제이미 챈,에이콘출판사,2015년 09월,"12,600",,https://image.yes24.com/goods/20256738/L,20256738
파이썬과 기계 학습,"라울 가레타, 기예르모 몬세치",에이콘출판사,2015년 12월,"12,600",,https://image.yes24.com/goods/23559915/L,23559915
유쾌한 파이썬,오현석,에이콘출판사,2015년 11월,"21,600",,https://image.yes24.com/goods/23203039/L,23203039
파이썬으로 시작하는 캐글,이시하라 쇼타로,제이펍,2021년 04월,"16,200",10,https://image.yes24.com/goods/99028600/L,99028600
파이썬 알고리즘,최영규,생능출판사,2021년 01월,"27,000",3,https://image.yes24.com/goods/97119739/L,97119739
파이썬과 함께 하는 수학 어드벤처,피터 파렐,에이콘출판사,2020년 01월,"27,000",,https://image.yes24.com/goods/85961642/L,85961642
파이썬 성능 높이기 2/e,가브리엘레 라나로,에이콘출판사,2018년 11월,"25,200",,https://image.yes24.com/goods/66986784/L,66986784
미국 주식으로 시작하는 슬기로운 퀀트투자,김용환,한빛미디어,2021년 09월,"28,800",9.6,https://image.yes24.com/goods/103915601/L,103915601
핸즈온 비지도 학습,안쿠르 A. 파텔,한빛미디어,2020년 07월,"30,600",9,https://image.yes24.com/goods/91119565/L,91119565
쉽게 배우는 자료구조 with 파이썬,문병로,한빛아카데미,2022년 01월,"29,000",10,https://image.yes24.com/goods/106400308/L,106400308
모두의 데이터 과학 with 파이썬,드미트리 지노비에프,길벗,2017년 07월,"19,800",9.5,https://image.yes24.com/goods/43633333/L,43633333
파이썬으로 배우는 머신러닝의 교과서,이토 마코토,한빛미디어,2018년 11월,"26,100",8,https://image.yes24.com/goods/66317993/L,66317993
처음 시작하는 딥러닝,세스 와이드먼,한빛미디어,2020년 08월,"20,700",8.7,https://image.yes24.com/goods/91738196/L,91738196
초보자를 위한 아파치 스파크 2,라자나라야난 토투바이카투마나,에이콘출판사,2018년 01월,"27,000",,https://image.yes24.com/goods/58038004/L,58038004
파이썬을 활용한 생명정보학 2/e,티아구 안타오,에이콘출판사,2019년 12월,"32,400",,https://image.yes24.com/goods/84938746/L,84938746
파이썬으로 만드는 OpenCV 프로젝트,이세우,인사이트(insight),2019년 03월,"32,400",,https://image.yes24.com/goods/71534451/L,71534451
게임으로 배우는 파이썬,다나카 겐이치로,영진닷컴,2019년 03월,"15,300",9.5,https://image.yes24.com/goods/70916900/L,70916900
Two Scoops of Django,대니얼 로이 그린펠드,인사이트(insight),2016년 08월,"28,800",9,https://image.yes24.com/goods/30355215/L,30355215
어서와 파이썬은 처음이지!,천인국,인피니티북스,2016년 08월,"29,000",,https://image.yes24.com/goods/30575427/L,30575427
파이썬으로 코딩하는 물리,송오영,21세기사,2021년 03월,"29,000",,https://image.yes24.com/goods/97676769/L,97676769
파이썬을 활용한 소프트웨어 아키텍처,아난드 발라찬드라 필라이,에이콘출판사,2020년 12월,"36,000",,https://image.yes24.com/goods/96364238/L,96364238
시간순삭 파이썬,천인국,생능북스,2020년 08월,"19,800",9.9,https://image.yes24.com/goods/92087970/L,92087970
객체지향 파이썬 프로그래밍,스티븐 로트,에이콘출판사,2017년 02월,"40,500",10,https://image.yes24.com/goods/35868954/L,35868954
"머신 러닝을 다루는 기술 with 파이썬, 사이킷런",마크 페너,길벗,2020년 06월,"30,600",9.4,https://image.yes24.com/goods/90706572/L,90706572
파이썬과 수치 해석 2/e,로버트 요한슨,에이콘출판사,2019년 08월,"45,000",,https://image.yes24.com/goods/78214796/L,78214796
파이썬 마이크로서비스,타렉 지아드,에이콘출판사,2019년 05월,"31,500",,https://image.yes24.com/goods/73161840/L,73161840
파이썬을 활용한 금융공학 레시피,김용환,한빛미디어,2018년 06월,"25,200",8.8,https://image.yes24.com/goods/61177004/L,61177004
파이썬으로 시작하는 데이터 분석,강지영,아이리포,2021년 07월,"19,800",,https://image.yes24.com/goods/102578161/L,102578161
파이썬 머신러닝 실무 테크닉 100,시모야마 데루마사,제이펍,2021년 12월,"22,500",10,https://image.yes24.com/goods/105401945/L,105401945
파이썬 자료구조와 알고리즘,미아 스타인,한빛미디어,2019년 06월,"19,800",9.1,https://image.yes24.com/goods/74971408/L,74971408
파이썬 for Beginner,우재남,한빛아카데미,2022년 01월,"25,000",10,https://image.yes24.com/goods/105673484/L,105673484
손에 잡히는 퀀트 투자 with 파이썬,GIL′s LAB,위키북스,2022년 02월,"28,800",,https://image.yes24.com/goods/107036607/L,107036607
프로그래머를 위한 파이썬,데인 힐라드,제이펍,2020년 11월,"22,500",9.8,https://image.yes24.com/goods/94865600/L,94865600
파이썬을 활용한 지리공간 분석 마스터하기,폴 크릭커드,에이콘출판사,2020년 10월,"36,000",,https://image.yes24.com/goods/93400101/L,93400101
암호 해킹으로 배우는 파이썬의 기초,알 스웨이가트,에이콘출판사,2019년 07월,"31,500",,https://image.yes24.com/goods/76899516/L,76899516
파이썬을 활용한 스파크 프로그래밍,제프리 에이븐,에이콘출판사,2019년 08월,"27,000",,https://image.yes24.com/goods/77356185/L,77356185
파이썬으로 배우는 게임 개발 입문편,히로세 츠요시,제이펍,2020년 10월,"25,200",9.7,https://image.yes24.com/goods/93802364/L,93802364
파이썬 네트워킹 마스터 2/e,에릭 추,에이콘출판사,2019년 10월,"31,500",,https://image.yes24.com/goods/80771025/L,80771025
파이썬 3로 컴퓨터 비전 다루기,사우랍 카푸,에이콘출판사,2018년 01월,"21,600",,https://image.yes24.com/goods/58094056/L,58094056
파이썬 자연어 처리의 이론과 실제,잘라지 트하나키,에이콘출판사,2018년 06월,"31,500",,https://image.yes24.com/goods/61511014/L,61511014
파이썬으로 배우는 인공지능,프라틱 조쉬,에이콘출판사,2017년 05월,"36,000",,https://image.yes24.com/goods/39862331/L,39862331
파이썬과 자연어 처리,니쉬트 조쉬,에이콘출판사,2017년 07월,"25,200",,https://image.yes24.com/goods/43863038/L,43863038
실전 예제로 배우는 GAN,조시 칼린,위키북스,2019년 07월,"22,500",,https://image.yes24.com/goods/76640111/L,76640111
그림으로 배우는 파이썬,다카하시 마나,영진닷컴,2021년 11월,"16,200",10,https://image.yes24.com/goods/104405577/L,104405577
퀀트 전략을 위한 인공지능 트레이딩,김태헌,한빛미디어,2020년 08월,"25,200",9.3,https://image.yes24.com/goods/91326289/L,91326289
처음 배우는 플라스크 웹 프로그래밍,윤정현,한빛미디어,2021년 08월,"17,820",9.1,https://image.yes24.com/goods/103346815/L,103346815
주머니 속의 머신러닝,맷 해리슨,제이펍,2021년 04월,"13,500",9.6,https://image.yes24.com/goods/99478990/L,99478990
파이썬으로 챗봇 만들기,Sumit Raj,영진닷컴,2020년 11월,"18,000",8,https://image.yes24.com/goods/94871439/L,94871439
러닝 파이썬 상편,마크 루츠,제이펍,2018년 03월,"34,200",,https://image.yes24.com/goods/59286493/L,59286493
파이썬 Jupyter Notebook 실전 입문,이케우치 타카히로,터닝포인트,2018년 06월,"22,500",9,https://image.yes24.com/goods/61262127/L,61262127
머신 러닝과 통계,프라탑 단게티,에이콘출판사,2018년 02월,"31,500",,https://image.yes24.com/goods/58774521/L,58774521
파이썬 해킹 프로그래밍,저스틴 지이츠,에이콘출판사,2010년 01월,"22,500",,https://image.yes24.com/goods/3648481/L,3648481
생활코딩 머신러닝 실습편 with 파이썬 텐서플로,이숙번,위키북스,2021년 12월,"21,600",,https://image.yes24.com/goods/105373169/L,105373169
깐깐하게 배우는 파이썬 3,제드 쇼,인사이트(insight),2019년 01월,"19,800",5.5,https://image.yes24.com/goods/68834616/L,68834616
직장인을 위한 데이터 분석 실무 with 파이썬 (개정판),이형석,위키북스,2020년 11월,"25,200",,https://image.yes24.com/goods/94973144/L,94973144
파이썬 프로그래밍 개론,데이비드 슈나이더,에이콘출판사,2016년 11월,"31,500",,https://image.yes24.com/goods/33503382/L,33503382
클린 파이썬,수닐 카필,에이콘출판사,2021년 04월,"19,800",,https://image.yes24.com/goods/99099110/L,99099110
금융 데이터 분석을 위한 파이썬 판다스,유대표,파이스탁,2022년 03월,"27,000",,https://image.yes24.com/goods/107631660/L,107631660
김기현의 자연어 처리 딥러닝 캠프 파이토치 편,김기현,한빛미디어,2019년 07월,"34,200",7,https://image.yes24.com/goods/74802622/L,74802622
파이썬 프로그래밍,John V. Guttag,홍릉과학출판사,2019년 02월,"29,000",,https://image.yes24.com/goods/70374986/L,70374986
파이썬으로 배우는 금융 분석 2/e,유씽 얀,에이콘출판사,2017년 11월,"34,200",,https://image.yes24.com/goods/56882179/L,56882179
함수형 파이썬 프로그래밍,오현석,에이콘출판사,2017년 02월,"27,000",,https://image.yes24.com/goods/35868948/L,35868948
"파이썬 쉽게, 더 쉽게",츠지 신고,제이펍,2018년 12월,"23,400",,https://image.yes24.com/goods/67439014/L,67439014
파이썬 동시성 프로그래밍,엘리엇 포브스,에이콘출판사,2018년 09월,"27,000",,https://image.yes24.com/goods/64410217/L,64410217
파이썬을 활용한 비지도 학습,벤자민 존스턴,에이콘출판사,2019년 11월,"31,500",,https://image.yes24.com/goods/83546287/L,83546287
스파르타! 파이썬 포렌식,쳇 호스머,비제이퍼블릭(BJ퍼블릭),2015년 04월,"25,200",10,https://image.yes24.com/goods/17406828/L,17406828
파이썬 플레이그라운드,마헤시 벤키타찰람,에이콘출판사,2016년 11월,"27,000",,https://image.yes24.com/goods/33236405/L,33236405
파이썬 병렬 프로그래밍,얀 팔라흐,에이콘출판사,2016년 11월,"12,600",8,https://image.yes24.com/goods/32946076/L,32946076
파이썬으로 처음 시작하는 코딩,롭 마일스,에이콘출판사,2018년 12월,"36,000",,https://image.yes24.com/goods/67516335/L,67516335
파이썬 라이브러리로 배우는 딥러닝 입문과 응용,발렌티노 조카,제이펍,2018년 12월,"25,200",,https://image.yes24.com/goods/67293302/L,67293302
파이썬과 비즈니스 자동화,체탄 기리다,에이콘출판사,2018년 11월,"27,000",,https://image.yes24.com/goods/66368636/L,66368636
파이썬으로 만드는 서버리스 애플리케이션,잘렘 라지 로히트,에이콘출판사,2018년 10월,"22,500",,https://image.yes24.com/goods/65572031/L,65572031
누구나 쉽게 배우는 파이썬 프로그래밍,제이슨 R. 브리그스,비제이퍼블릭(BJ퍼블릭),2013년 08월,"24,300",9,https://image.yes24.com/goods/9313650/L,9313650
코딩 클럽 LV2. 본격 파이썬 입문,크리스 로피,한빛미디어,2015년 09월,"9,000",,https://image.yes24.com/goods/20052461/L,20052461
파이썬을 이용한 데이터 분석 2/e,아르만도 판당고,에이콘출판사,2018년 01월,"27,000",,https://image.yes24.com/goods/58038660/L,58038660
파이썬 완벽 가이드,데이비드 M. 비즐리,인사이트(insight),2012년 04월,"34,200",8.6,https://image.yes24.com/goods/6694057/L,6694057
엔지니어를 위한 파이썬,나카쿠키 켄지,제이펍,2017년 11월,"25,200",10,https://image.yes24.com/goods/56900453/L,56900453
파이썬으로 배우는 대규모 머신 러닝,바스티앙 스야딘,에이콘출판사,2017년 07월,"31,500",,https://image.yes24.com/goods/43213806/L,43213806
3step으로 확실하게 배우는 파이썬 입문,야마다 요시히로,시그마프레스,2021년 01월,"25,000",,https://image.yes24.com/goods/96658190/L,96658190
머신 러닝 인 파이썬,마이클 보울즈,비제이퍼블릭(BJ퍼블릭),2015년 11월,"24,300",,https://image.yes24.com/goods/23023041/L,23023041
파이썬으로 배우는 데이터 과학 2/e,알베르토 보스체티,에이콘출판사,2017년 12월,"27,000",7,https://image.yes24.com/goods/57237118/L,57237118
파이썬 분산 컴퓨팅,프란세스코 피에르페데리시,에이콘출판사,2016년 11월,"18,000",,https://image.yes24.com/goods/33384150/L,33384150
파이썬 핵심 레퍼런스,마크 러츠,인사이트(insight),2016년 08월,"15,120",,https://image.yes24.com/goods/30369616/L,30369616
모던 파이썬 쿡북,스티븐 로트,에이콘출판사,2018년 02월,"38,700",7,https://image.yes24.com/goods/58511590/L,58511590
데이터 과학,조엘 그루스,인사이트(insight),2020년 03월,"29,700",,https://image.yes24.com/goods/89379120/L,89379120
헬스케어 분석을 위한 머신러닝,에듀오닉스 러닝 솔루션스,에이콘출판사,2022년 03월,"22,500",,https://image.yes24.com/goods/108224313/L,108224313
파이썬 데이터 클리닝 쿡북,마이클 워커,위키북스,2021년 11월,"25,200",,https://image.yes24.com/goods/105030647/L,105030647
창의적 컴퓨팅,한양대학교 소프트웨어교육위원회,한양대학교출판부,2021년 02월,"16,000",10,https://image.yes24.com/goods/97584878/L,97584878
Pandas로 하는 데이터 과학 2/e,마이클 헤이트,에이콘출판사,2018년 09월,"31,500",7,https://image.yes24.com/goods/64480749/L,64480749
손가락 하나 까딱하지 않는 주식 거래 시스템 구축,장용준,위키북스,2020년 04월,"24,300",8.3,https://image.yes24.com/goods/89999945/L,89999945
개념을 잡아주는 프로그래밍 정석,제니퍼 캠벨,에이콘출판사,2010년 05월,"22,500",10,https://image.yes24.com/goods/3798500/L,3798500
텐서플로를 이용한 고급 딥러닝,산타누 파타나야크,에이콘출판사,2019년 02월,"31,500",,https://image.yes24.com/goods/69746345/L,69746345
생활 속 문제를 통해 배워보는 머신 러닝,알렉산더 콤스,에이콘출판사,2017년 11월,"27,000",8,https://image.yes24.com/goods/56895569/L,56895569
게임으로 익히는 코딩 알고리즘,김영기,한빛미디어,2019년 05월,"19,800",8.9,https://image.yes24.com/goods/72298265/L,72298265
똑똑한 코드 작성을 위한 실전 알고리즘,조지 하이네만,한빛미디어,2022년 05월,"17,820",9.3,https://image.yes24.com/goods/109554881/L,109554881
파이썬과 파이게임,정선호,그린,2020년 02월,"28,000",,https://image.yes24.com/goods/91116215/L,91116215
엑셀Ⅹ파이썬 코드 레시피 125,카네히로 카즈미,AK(에이케이 커뮤니케이션즈),2022년 05월,"23,750",,https://image.yes24.com/goods/109304268/L,109304268
GAN 인 액션,야쿠프 란그르,한빛미디어,2020년 09월,"27,000",9.6,https://image.yes24.com/goods/92455849/L,92455849
파이썬 생활밀착형 프로젝트,김효실,로드북,2021년 06월,"22,500",9,https://image.yes24.com/goods/102094106/L,102094106
딥러닝을 위한 수학,아카이시 마사노리,위키북스,2020년 03월,"22,500",,https://image.yes24.com/goods/89609761/L,89609761
파이썬을 활용한 나만의 RPA 만들기 (2021),안정국,삼일인포마인,2021년 01월,"25,000",9.2,https://image.yes24.com/goods/96535228/L,96535228
파이썬 날코딩으로 알고 짜는 딥러닝,윤덕호,한빛미디어,2019년 07월,"40,500",9.7,https://image.yes24.com/goods/75732024/L,75732024
뇌를 자극하는 파이썬 3,박상현,한빛미디어,2016년 02월,"22,500",8.3,https://image.yes24.com/goods/24309262/L,24309262
모두의 엔트리 with 엔트리파이선,김슬기,길벗,2017년 11월,"16,200",10,https://image.yes24.com/goods/56849149/L,56849149
파이썬 스킬 업,브라이언 오버랜드,길벗,2021년 05월,"36,000",9.6,https://image.yes24.com/goods/101876329/L,101876329
파이썬 자료구조와 알고리즘 for Beginner,우재남,한빛아카데미,2021년 01월,"27,000",,https://image.yes24.com/goods/97142842/L,97142842
파이썬이 보이는 그림책,"ANK Co., Ltd.",성안당,2021년 11월,"16,200",10,https://image.yes24.com/goods/62233388/L,62233388
파이썬을 이용한 인터랙티브 대시보드 만들기,홍성준,BOOKK(부크크),2021년 06월,"32,800",,https://image.yes24.com/goods/102267640/L,102267640
기초통계플러스알파,김명준,경문사,2020년 03월,"27,000",10,https://image.yes24.com/goods/89381191/L,89381191
암호화폐 자동매매 시스템 만들기 with 파이썬,정성문,로드북,2022년 03월,"31,500",,https://image.yes24.com/goods/107635612/L,107635612
파이썬을 이용한 통계적 머신러닝,박유성,자유아카데미,2022년 06월,"34,000",,https://image.yes24.com/goods/110162629/L,110162629
자기주도 파이썬,한컴에듀케이션 알고리즘연구소,복두출판사,2021년 07월,"16,000",,https://image.yes24.com/goods/102964794/L,102964794
잡아라! 텍스트 마이닝 with 파이썬,서대호,비제이퍼블릭(BJ퍼블릭),2019년 04월,"15,300",9,https://image.yes24.com/goods/72231434/L,72231434
파이썬과 리액트를 활용한 주식 자동거래 시스템 구축,박재현,위키북스,2020년 02월,"25,200",,https://image.yes24.com/goods/87579013/L,87579013
matplotlib을 이용한 데이터 시각화 프로그래밍,알렉상드르 드베르,에이콘출판사,2015년 01월,"22,500",,https://image.yes24.com/goods/15749761/L,15749761
모두의 라즈베리 파이 with 파이썬,이시이 모루나,길벗,2019년 01월,"23,400",10,https://image.yes24.com/goods/68816867/L,68816867
파이썬 코딩 수학 with 딥러닝,박경원,정보문화사,2019년 07월,"13,500",9,https://image.yes24.com/goods/75235945/L,75235945
파이썬 데이터 분석 for Beginner,우재남,한빛아카데미,2022년 06월,"28,000",,https://image.yes24.com/goods/110114373/L,110114373
SQL INJECTION 공격 자동화 기법,유현수,오픈시큐어랩,2019년 03월,"19,800",,https://image.yes24.com/goods/69986041/L,69986041
파이썬을 활용한 딥러닝 전이학습,디파니안 사르카르,위키북스,2019년 10월,"27,000",10,https://image.yes24.com/goods/79659977/L,79659977
예제로 배우는 자연어 처리 기초,쇼홈 고시,에이콘출판사,2020년 03월,"31,500",,https://image.yes24.com/goods/89512437/L,89512437
파이썬으로 배우는 포트폴리오,곽승주,길벗,2021년 03월,"23,400",9.8,https://image.yes24.com/goods/97928496/L,97928496
COS Pro 2급 파이썬 시험 대비서(교재+모의고사),남재윤,길벗,2018년 02월,"16,200",,https://image.yes24.com/goods/58670446/L,58670446
응용이 보이는 선형대수학,이건명,한빛아카데미,2020년 07월,"31,000",,https://image.yes24.com/goods/91102631/L,91102631
깔끔한 파이썬 탄탄한 백엔드,송은우,비제이퍼블릭(BJ퍼블릭),2019년 01월,"24,300",9.7,https://image.yes24.com/goods/68713424/L,68713424
"실체가 손에 잡히는 딥러닝, 기초부터 실전 프로그래밍",아즈마 유키나가,책만,2019년 06월,"23,400",9.8,https://image.yes24.com/goods/74258238/L,74258238
생활코딩! 파이썬,이고잉,범,2020년 03월,"17,100",,https://image.yes24.com/goods/89837435/L,89837435
파워 유저를 위한 파이썬 EXPRESS,천인국,생능출판사,2020년 11월,"30,000",,https://image.yes24.com/goods/95784557/L,95784557
수학으로 배우는 파이썬,다나카 카즈나리,영진닷컴,2019년 03월,"11,700",9.3,https://image.yes24.com/goods/69772178/L,69772178
초소형 머신러닝 TinyML,피트 워든,한빛미디어,2020년 08월,"36,000",9.1,https://image.yes24.com/goods/91879171/L,91879171
파이썬 입문,황재호,인포앤북,2020년 06월,"22,500",9.8,https://image.yes24.com/goods/89961758/L,89961758
한입에 웹 크롤링,김경록,비제이퍼블릭(BJ퍼블릭),2018년 09월,"23,400",7.5,https://image.yes24.com/goods/64573282/L,64573282
딥러닝으로 걷는 시계열 예측,윤영선,비제이퍼블릭(BJ퍼블릭),2020년 02월,"21,600",9,https://image.yes24.com/goods/89019624/L,89019624
AWS 머신러닝 마스터하기,Dr. Saket S.R.,DK로드,2020년 10월,"30,000",,https://image.yes24.com/goods/93737160/L,93737160
으뜸 파이썬,박동규,생능출판사,2020년 02월,"32,000",10,https://image.yes24.com/goods/89140722/L,89140722
컴퓨터비전과 머신러닝,김찬수,광문각,2021년 02월,"26,000",10,https://image.yes24.com/goods/97952348/L,97952348
파이썬을 이용한 공학 프로그래밍,손재범,성안당,2020년 03월,"22,500",,https://image.yes24.com/goods/97947948/L,97947948
데이터 사이언스 교과서,하시모토 히로시,성안당,2020년 10월,"22,500",,https://image.yes24.com/goods/94452272/L,94452272
파이썬 실무 프로그래밍,조훈,위키북스,2017년 03월,"40,500",8.6,https://image.yes24.com/goods/38001954/L,38001954
파이썬을 이용한 데이터 분석의 정석,채진석,루비페이퍼,2021년 06월,"28,800",10,https://image.yes24.com/goods/102385128/L,102385128
Nginx HTTP 서버,끌레망 네델꾸,에이콘출판사,2020년 03월,"31,500",,https://image.yes24.com/goods/89607082/L,89607082
파이썬을 활용한 머신러닝 쿡북,크리스 알본,한빛미디어,2019년 09월,"29,700",9.6,https://image.yes24.com/goods/78222401/L,78222401
초보자를 위한 파이썬 200제,장삼용,정보문화사,2017년 02월,"18,000",,https://image.yes24.com/goods/36836557/L,36836557
컴퓨팅 사고 with 파이썬,김현정,길벗캠퍼스,2022년 06월,"25,000",,https://image.yes24.com/goods/110106225/L,110106225
차근차근 파이썬 코딩 실습 (연구활용 대기과학편),류지훈,좋은땅,2020년 07월,"22,500",,https://image.yes24.com/goods/91742752/L,91742752
C#과 파이썬을 활용한 OpenCV 4 프로그래밍,윤대희,위키북스,2021년 04월,"32,400",,https://image.yes24.com/goods/99029275/L,99029275
머신러닝 탐구생활,정권우,비제이퍼블릭(BJ퍼블릭),2018년 08월,"24,300",9.7,https://image.yes24.com/goods/63830327/L,63830327
줄리아를 생각하다,벤 로언스,한빛미디어,2020년 04월,"27,000",9.3,https://image.yes24.com/goods/89643887/L,89643887
컴퓨팅 사고를 위한 파이선 입문,한옥영,성균관대학교출판부(SKKUP),2020년 03월,"25,000",,https://image.yes24.com/goods/89420814/L,89420814
텐서플로우2와 케라스를 이용한 고급딥러닝,로웰 아티엔자,DK로드,2021년 02월,"42,000",,https://image.yes24.com/goods/97912623/L,97912623
나혼자 파이썬,이창현,디지털북스,2020년 12월,"13,500",10,https://image.yes24.com/goods/95736180/L,95736180
IoT 사물인터넷을 위한 라즈베리파이 4 정석,최주호,앤써북,2019년 11월,"19,800",9,https://image.yes24.com/goods/83492347/L,83492347
파이썬을 이용한 웹크롤링과 데이터 분석,방진숙,인피니티북스,2021년 09월,"25,000",,https://image.yes24.com/goods/103631423/L,103631423
파이썬 프로그래밍,조인석,혜지원,2019년 05월,"24,300",10,https://image.yes24.com/goods/74312880/L,74312880
모의 침투 입문자를 위한 파이썬 3 활용,오동진,에이콘출판사,2020년 02월,"22,500",,https://image.yes24.com/goods/89176240/L,89176240
파이썬 코딩 알고리듬,오상문,도수서원,2017년 09월,"10,800",,https://image.yes24.com/goods/51123907/L,51123907
데이터 과학을 위한 파이썬 프로그래밍,최성철,한빛아카데미,2019년 01월,"25,000",9.8,https://image.yes24.com/goods/67738002/L,67738002
마이크로비트로 배우는 파이썬,서민우,앤써북,2020년 02월,"16,920",8.8,https://image.yes24.com/goods/86897854/L,86897854
해커의 언어 파이썬 3 입문,오동진,에이콘출판사,2018년 03월,"22,500",,https://image.yes24.com/goods/59217554/L,59217554
파이썬 오픈소스 도구를 활용한 악성코드 분석,조정원,에이콘출판사,2015년 09월,"37,800",,https://image.yes24.com/goods/20471927/L,20471927
파이썬과 함께하는 자료구조의 이해,양성봉,생능출판사,2018년 01월,"25,000",8.5,https://image.yes24.com/goods/57949931/L,57949931
프로그래머를 위한 베이지안 with 파이썬,캐머런 데이비슨 필론,길벗,2017년 11월,"24,300",8,https://image.yes24.com/goods/57237963/L,57237963
Let’s Get IT 파이썬 프로그래밍,안지혜,길벗,2021년 07월,"19,800",9.6,https://image.yes24.com/goods/102418815/L,102418815
파이썬으로 익히는 말랑말랑 알고리즘,김경록,비제이퍼블릭(BJ퍼블릭),2022년 01월,"27,000",10,https://image.yes24.com/goods/106373453/L,106373453
일 잘하는 직장인을 위한 엑셀 자동화 with 파이썬,최은석,위키북스,2020년 11월,"27,000",10,https://image.yes24.com/goods/94483920/L,94483920
파이썬과 케라스로 배우는 강화학습,이웅원,위키북스,2020년 04월,"25,200",10,https://image.yes24.com/goods/89784478/L,89784478
알기 쉬운 파이썬 SQL 코딩하기,정현희,크라운출판사,2023년 01월,"13,500",,https://image.yes24.com/goods/110795553/L,110795553
파이썬 매일 코딩,루벤 M. 러너,길벗,2021년 11월,"19,800",9,https://image.yes24.com/goods/105313851/L,105313851
새내기 파이썬,천인국,생능출판사,2022년 06월,"30,000",,https://image.yes24.com/goods/110241160/L,110241160
알짜배기 예제로 배우는 OpenCV,이정주,비제이퍼블릭(BJ퍼블릭),2020년 04월,"28,800",10,https://image.yes24.com/goods/90071418/L,90071418
OpenCV 4를 활용한 머신러닝 입문 2/e,아디타 샤르마,에이콘출판사,2020년 10월,"36,000",,https://image.yes24.com/goods/93979429/L,93979429
데이터 과학을 위한 기초수학 with 파이썬,이병준,한빛아카데미,2021년 01월,"24,700",,https://image.yes24.com/goods/96193172/L,96193172
이공학도를 위한 수치해석,최덕기,학산미디어,2019년 05월,"30,000",,https://image.yes24.com/goods/74203342/L,74203342
파이썬으로 배우는 통계학 교과서,바바 신야,한빛미디어,2019년 11월,"27,000",9,https://image.yes24.com/goods/83532333/L,83532333
보통의 취준생을 위한 코딩 테스트 with 파이썬,권국원,로드북,2022년 02월,"27,000",,https://image.yes24.com/goods/107478270/L,107478270
나만의 스마트워크 환경 만들기,박찬성,비제이퍼블릭(BJ퍼블릭),2020년 05월,"24,750",8.6,https://image.yes24.com/goods/90349631/L,90349631
당신이 지금 알아야 할 빅4 클라우드 머신러닝,이영호,비제이퍼블릭(BJ퍼블릭),2020년 03월,"23,400",6,https://image.yes24.com/goods/89641217/L,89641217
프로그래머 첫걸음,코리 알트호프,한빛미디어,2018년 01월,"17,820",9,https://image.yes24.com/goods/57617411/L,57617411
친절한 실전 딥러닝 수업,김찬란,비제이퍼블릭(BJ퍼블릭),2020년 03월,"19,800",10,https://image.yes24.com/goods/89649505/L,89649505
머신 러닝 알고리즘,주세페 보나코르소,에이콘출판사,2019년 02월,"31,500",10,https://image.yes24.com/goods/69735717/L,69735717
한국어 인공지능 1,박건숙,노드미디어,2020년 02월,"23,750",,https://image.yes24.com/goods/90000587/L,90000587
Pandas Cookbook 2/e,매트 해리슨,에이콘출판사,2020년 12월,"40,500",,https://image.yes24.com/goods/96225744/L,96225744
데이터 과학 입문,허명회,자유아카데미,2021년 09월,"20,000",,https://image.yes24.com/goods/103933663/L,103933663
인공지능,이권윤,글로벌,2018년 09월,"15,300",,https://image.yes24.com/goods/64154608/L,64154608
데이터 분석 따라하기,정철용,북넷,2021년 05월,"23,000",,https://image.yes24.com/goods/101557628/L,101557628
Kaggle 데이터 전략 실무 연습,김광용,도서출판청람(이수영),2022년 04월,"28,000",,https://image.yes24.com/goods/108943558/L,108943558
파이썬 텍스트 코딩 워크북,정재웅,삼양미디어,2022년 05월,"4,500",,https://image.yes24.com/goods/109619095/L,109619095
처음 만나는 통계와 데이터분석,윤정연,한국금융연수원,2022년 02월,"21,000",,https://image.yes24.com/goods/108463269/L,108463269
빅데이터 & 인공지능 with 생물정보학,양우진,아이콕스(iCox),2019년 06월,"20,900",,https://image.yes24.com/goods/75217610/L,75217610
배워서 바로 써먹는 데이터 분석 with 파이썬,설진욱,생능북스,2022년 04월,"23,400",9.4,https://image.yes24.com/goods/108787259/L,108787259
파이썬을 이용한 수치해석,류권규,씨아이알(CIR),2020년 12월,"35,000",,https://image.yes24.com/goods/96664844/L,96664844
Hello 실전 파이썬 프로그래밍 world,조상철,혜지원,2022년 01월,"19,800",10,https://image.yes24.com/goods/106336465/L,106336465
파이썬 프로그래밍 길라잡이,장혜진,홍릉,2022년 02월,"29,000",,https://image.yes24.com/goods/107687280/L,107687280
파이썬 스타트,박희재,인피니티북스,2022년 06월,"25,000",,https://image.yes24.com/goods/110442334/L,110442334
프로그래머가 알아야 할 알고리즘 40,임란 아마드,길벗,2022년 04월,"21,600",9.5,https://image.yes24.com/goods/109049652/L,109049652
"파이썬 기반의 AI를 위한 기초수학, 확률 및 통계",강봉주,자유아카데미,2020년 03월,"32,000",,https://image.yes24.com/goods/89594875/L,89594875
비주얼 코딩 스크래치&파이썬,캐롤 보더먼,청어람아이(청어람미디어),2016년 12월,"17,820",9.6,https://image.yes24.com/goods/34960810/L,34960810
파이썬으로 배우는 과학계산,김웅태,서울대학교출판문화원,2021년 12월,"35,000",,https://image.yes24.com/goods/106398798/L,106398798
엑셀 x 파이썬 업무 자동화,카네히로 카즈미,인사이트(insight),2020년 12월,"16,200",,https://image.yes24.com/goods/95551349/L,95551349
난생처음 컴퓨팅 사고 with 파이썬,김명호,한빛아카데미,2021년 01월,"23,000",9,https://image.yes24.com/goods/96547422/L,96547422
친절한 딥러닝 수학,다테이시 겐고,한빛미디어,2021년 03월,"25,200",8.9,https://image.yes24.com/goods/97636702/L,97636702
파이썬으로 캐글 뽀개기,Evan,비제이퍼블릭(BJ퍼블릭),2021년 08월,"27,900",9,https://image.yes24.com/goods/103319176/L,103319176
"파이썬을 이용한 머신러닝, 딥러닝 실전 개발 입문",쿠지라 히코우즈쿠에,위키북스,2019년 12월,"27,000",7,https://image.yes24.com/goods/84802550/L,84802550
파이썬 정복,김상형,한빛미디어,2018년 04월,"19,800",8.4,https://image.yes24.com/goods/59470886/L,59470886
파이썬으로 시작하는 코딩,브라이언 칼링,코딩타임,2018년 09월,"18,000",9,https://image.yes24.com/goods/64468687/L,64468687
핸즈온 파이썬을 이용한 설명가능한 AI(XAI),Denis Rothman,DK로드,2022년 01월,"42,000",,https://image.yes24.com/goods/106213437/L,106213437
파이썬으로 시작하는 컴퓨터 프로그래밍,조동영,한빛아카데미,2022년 02월,"25,000",,https://image.yes24.com/goods/107681359/L,107681359
차근차근 파이썬 코딩 실습 (기본편),류지훈,좋은땅,2020년 07월,"22,500",,https://image.yes24.com/goods/91742640/L,91742640
슬기로운 파이썬 트릭,댄 베이더,인사이트(insight),2019년 01월,"18,000",,https://image.yes24.com/goods/68835284/L,68835284
파이썬으로 배우는 Anti-Virus 구조와 원리,최원혁,비제이퍼블릭(BJ퍼블릭),2017년 09월,"30,600",10,https://image.yes24.com/goods/47245069/L,47245069
구글과 파이썬으로 시작하는 보안,김용재,비제이퍼블릭(BJ퍼블릭),2021년 08월,"29,700",10,https://image.yes24.com/goods/103385806/L,103385806
김도형의 데이터 사이언스 스쿨 수학 편,김도형,한빛미디어,2019년 11월,"49,500",9.3,https://image.yes24.com/goods/82444473/L,82444473
전공자의 데이터분석을 위한 파이썬,염기원,복두출판사,2022년 01월,"18,000",,https://image.yes24.com/goods/106713697/L,106713697
토닥토닥 파이썬 기초편,권상기,플랜투비아이플러스,2019년 04월,"22,500",,https://image.yes24.com/goods/74400855/L,74400855
인공지능 100점을 위한 파이썬 수학,임성국,비제이퍼블릭(BJ퍼블릭),2020년 04월,"21,600",9,https://image.yes24.com/goods/90073504/L,90073504
누구나 쉽게 따라하는 인공지능 (feat. 파이썬),이용권,씨마스21,2021년 08월,"18,900",9.6,https://image.yes24.com/goods/103412415/L,103412415
딥러닝을 위한 최적화와 수치해석,황윤구,남가람북스,2020년 02월,"28,800",,https://image.yes24.com/goods/86354976/L,86354976
마인크래프트와 함께 즐겁게 파이썬,최일선,비제이퍼블릭(BJ퍼블릭),2018년 11월,"23,400",8,https://image.yes24.com/goods/66884670/L,66884670
IT 비전공자를 위한 돈 버는 파이썬 코딩,비현코,디지털북스,2021년 10월,"16,200",8,https://image.yes24.com/goods/103755571/L,103755571
파이썬&인공지능&COS Pro 2급,조문기,북스홀릭퍼블리싱,2022년 02월,"19,800",,https://image.yes24.com/goods/107879815/L,107879815
창의적 프로그래밍을 위한 파이썬,한혁수,생능출판사,2016년 08월,"23,000",7,https://image.yes24.com/goods/30963475/L,30963475
프로그래밍 이론과 실습,원정임,한양대학교출판부,2022년 02월,"18,000",,https://image.yes24.com/goods/107515020/L,107515020
바로 쓰는 파이썬 : 기초 편,박진수,서울대학교출판문화원,2019년 02월,"25,000",9.8,https://image.yes24.com/goods/70750827/L,70750827
파이썬으로 쉽게 풀어쓴 자료구조,최영규,생능출판사,2020년 02월,"27,000",9,https://image.yes24.com/goods/89141599/L,89141599
파이썬으로 배우는 초중등 교과서 1,김정욱,루비페이퍼,2019년 08월,"16,200",9.7,https://image.yes24.com/goods/77986815/L,77986815
파이썬으로 배우는 딥러닝 교과서,이시카와 아키히코,한빛미디어,2020년 03월,"34,200",9.3,https://image.yes24.com/goods/89233031/L,89233031
양자 컴퓨팅 : 이론에서 응용까지,잭 히더리,에이콘출판사,2020년 09월,"31,500",,https://image.yes24.com/goods/92818636/L,92818636
학교에서 알려주지 않는 17가지 실무 개발 기술,이기곤,한빛미디어,2020년 04월,"18,000",9.3,https://image.yes24.com/goods/89906094/L,89906094
금융 데이터를 위한 파이썬,테리엇,비제이퍼블릭(BJ퍼블릭),2020년 06월,"21,600",8.5,https://image.yes24.com/goods/90593157/L,90593157
한권으로 파이썬과드론 날로먹기 인공지능편,이현종,잇플ITPLE,2021년 09월,"20,700",,https://image.yes24.com/goods/104987008/L,104987008
연오의 파이썬,박연오,인사이트(insight),2020년 12월,"17,820",9.9,https://image.yes24.com/goods/96426841/L,96426841
정치학을 위한 파이썬,엄기홍,경북대학교출판부,2018년 02월,"15,000",,https://image.yes24.com/goods/59201187/L,59201187
R과 파이썬을 활용한 논문연구법,차경천,도서출판 창명,2020년 09월,"30,000",,https://image.yes24.com/goods/92866365/L,92866365
"파이썬을 이용한 빅데이터 수집, 분석과 시각화",이원하,비팬북스(러닝스페이스),2017년 06월,"21,600",6,https://image.yes24.com/goods/42493295/L,42493295
파이썬으로 배우는 응용 텍스트 분석,벤자민 벵포트,제이펍,2019년 11월,"24,300",,https://image.yes24.com/goods/83536010/L,83536010
파이썬을 활용한 데이터 분석과 응용,이성건,자유아카데미,2021년 06월,"30,000",,https://image.yes24.com/goods/102026304/L,102026304
파이썬으로 시작하는 머신러닝+딥러닝,강지영,아이리포,2022년 05월,"19,800",,https://image.yes24.com/goods/109307433/L,109307433
핵심코어! 파이썬 프로그래밍,최희식,인피니티북스,2022년 03월,"23,000",,https://image.yes24.com/goods/108038660/L,108038660
이젠 나도! 파이썬,이지선,성안당,2019년 10월,"22,500",9.8,https://image.yes24.com/goods/79668579/L,79668579
모두의 파이썬&알고리즘 합본호,이승찬,길벗,2018년 12월,"23,400",10,https://image.yes24.com/goods/67327129/L,67327129
미적분과 벡터해석 기초,심성아,경문사,2022년 02월,"17,000",,https://image.yes24.com/goods/107907769/L,107907769
엑셀과 비교하며 배우는 파이썬 데이터 분석,장쥔홍,제이펍,2021년 06월,"21,600",10,https://image.yes24.com/goods/102087103/L,102087103
파이썬 프로그래밍,김동근,가메출판사,2016년 07월,"25,200",,https://image.yes24.com/goods/29652084/L,29652084
파이썬 첫걸음,James R. Payne,잇플ITPLE,2020년 12월,"23,400",9.9,https://image.yes24.com/goods/96685376/L,96685376
컴퓨팅 사고를 위한 파이썬,한선관,생능출판사,2022년 01월,"28,500",,https://image.yes24.com/goods/105866809/L,105866809
파이썬 훈련소,북마크,BOOKK(부크크),2022년 07월,"9,300",,https://image.yes24.com/goods/111098549/L,111098549
딥러닝 머신러닝을 위한 파이썬 넘파이,문용준,잇플ITPLE,2020년 06월,"31,500",9.3,https://image.yes24.com/goods/90496469/L,90496469
파이썬으로 경험하는 빅데이터 분석과 머신러닝,이영호,생능출판사,2021년 02월,"27,000",10,https://image.yes24.com/goods/97548788/L,97548788
파이썬 마스터,강윤희,명진씨앤피,2021년 06월,"16,200",3,https://image.yes24.com/goods/102395724/L,102395724
배프의 오지랖 파이썬 웹프로그래밍,배프,디지털북스,2019년 03월,"19,800",7.3,https://image.yes24.com/goods/69758579/L,69758579
코딩 더 매트릭스,Philip N. Klein,루비페이퍼,2015년 05월,"43,200",8,https://image.yes24.com/goods/17967245/L,17967245
"한 번 배운 파이썬, 나만의 활용 스킬",이강성,프리렉,2020년 07월,"18,000",8.5,https://image.yes24.com/goods/91227262/L,91227262
파이썬으로 배우는 초중등 교과서 2,김정욱,루비페이퍼,2019년 08월,"16,200",9.6,https://image.yes24.com/goods/77986838/L,77986838
Creative Computing,박희진,한양대학교출판부,2018년 02월,"17,000",10,https://image.yes24.com/goods/58699462/L,58699462
심층 강화학습 인 액션,알렉스 짜이,제이펍,2020년 11월,"27,000",9.4,https://image.yes24.com/goods/94883164/L,94883164
Make: 라즈베리 파이 로봇,이하영,한빛미디어,2015년 09월,"16,200",6,https://image.yes24.com/goods/20052237/L,20052237
파이썬으로 배우는 디지털 신호처리,하석운,생능출판사,2020년 06월,"26,000",,https://image.yes24.com/goods/90770850/L,90770850
나는 파이썬으로 피지컬 컴퓨팅한다,최정원,씨마스,2022년 03월,"18,000",,https://image.yes24.com/goods/110126180/L,110126180
통계학 : 파이썬을 이용한 분석,인하대학교 통계학과,자유아카데미,2022년 06월,"32,000",,https://image.yes24.com/goods/110242564/L,110242564
WONDER 파이썬,조성호,인피니티북스,2022년 07월,"28,000",,https://image.yes24.com/goods/110677469/L,110677469
colab에서 파이썬 빅데이터 처리,진하수,BOOKK(부크크),2022년 06월,"19,900",,https://image.yes24.com/goods/110365450/L,110365450
나의 첫 머신러닝/딥러닝,허민석,위키북스,2020년 07월,"23,400",,https://image.yes24.com/goods/91332834/L,91332834
창의적 문제 해결을 위한 파이썬 프로그래밍,김진일,연두에디션,2020년 02월,"23,000",10,https://image.yes24.com/goods/88319103/L,88319103
프로그래밍의 정석 : 파이썬,도경구,생능출판사,2020년 12월,"25,200",10,https://image.yes24.com/goods/96546953/L,96546953
더 괜찮은 QA가 되기 위한 프랙티컬 테스트 자동화,정상미,프리렉,2018년 09월,"27,000",,https://image.yes24.com/goods/64498456/L,64498456
파이썬 OpenCV를 이용한 영상처리,허진경,BOOKK(부크크),2021년 09월,"25,000",,https://image.yes24.com/goods/104409077/L,104409077
400제로 배우는 파이썬 입문,김범준,심통,2021년 10월,"25,200",10,https://image.yes24.com/goods/104471288/L,104471288
이게 진짜 파이썬EASY!,감무철,책밥,2022년 03월,"23,400",9.8,https://image.yes24.com/goods/108017154/L,108017154
파이썬 네트워크 프로그래밍,서열규,복두출판사,2022년 02월,"28,000",,https://image.yes24.com/goods/107654336/L,107654336
내손으로 파이썬,코딩로봇연구소,코딩엑스,2021년 05월,"12,600",9.5,https://image.yes24.com/goods/102283183/L,102283183
Flask 기반의 파이썬 웹 프로그래밍,이지호,제이펍,2016년 05월,"29,700",5.5,https://image.yes24.com/goods/27640037/L,27640037
코딩 강화 파이썬,이규호,제이펍,2019년 06월,"17,820",9,https://image.yes24.com/goods/74589276/L,74589276
딥러닝에 목마른 사람들을 위한 PyTorch,장지수,비제이퍼블릭(BJ퍼블릭),2019년 06월,"21,600",,https://image.yes24.com/goods/74806767/L,74806767
파이썬의 정석,시바타 보요,루비페이퍼,2021년 03월,"23,400",9.7,https://image.yes24.com/goods/97956656/L,97956656
한 권으로 끝내는 파이썬,김명호,에듀웨이,2019년 05월,"16,200",9.2,https://image.yes24.com/goods/73163943/L,73163943
손에 잡히는 파이썬,문용준,비제이퍼블릭(BJ퍼블릭),2018년 03월,"39,600",8.2,https://image.yes24.com/goods/59440152/L,59440152
파이썬 핵심 개발자들과의 인터뷰,마이크 드리스콜,터닝포인트,2019년 01월,"16,920",8,https://image.yes24.com/goods/67340568/L,67340568
파이썬으로 배우는 머신러닝,김화종,홍릉과학출판사,2022년 06월,"26,000",,https://image.yes24.com/goods/110509638/L,110509638
컴퓨팅 기반 문제해결 with 파이썬,장은실,인피니티북스,2022년 01월,"20,000",,https://image.yes24.com/goods/107460117/L,107460117
데이터 시각화 with 파이썬,설진욱,아이콕스(iCox),2021년 03월,"26,600",,https://image.yes24.com/goods/97965632/L,97965632
파이썬으로 배우는 컴퓨팅 사고,김완섭,인피니티북스,2020년 02월,"17,000",4,https://image.yes24.com/goods/70749127/L,70749127
파이썬과 피지컬 컴퓨팅,목원대학교 스톡스대학 SW교양학부,인피니티북스,2020년 08월,"14,000",,https://image.yes24.com/goods/92080328/L,92080328
텐서플로 2와 케라스로 구현하는 딥러닝 2/e,안토니오 걸리,에이콘출판사,2020년 04월,"38,700",10,https://image.yes24.com/goods/90039994/L,90039994
코딩과 스토리텔링,백성욱,생능출판사,2021년 03월,"25,000",,https://image.yes24.com/goods/97986564/L,97986564
스크래치와 파이썬으로 풀어보는 컴퓨팅 사고,김성애,인피니티북스,2022년 03월,"25,000",,https://image.yes24.com/goods/107994452/L,107994452
문제해결과 컴퓨팅 사고를 위한 파이썬,천인국,인피니티북스,2017년 08월,"12,000",,https://image.yes24.com/goods/46176430/L,46176430
코드업과 함께 하는 파이썬&문제 해결,배준호,삼양미디어,2020년 11월,"14,400",,https://image.yes24.com/goods/95287470/L,95287470
강화학습/심층강화학습 특강,아들랑 드 폰테베,위키북스,2021년 06월,"24,300",10,https://image.yes24.com/goods/102222058/L,102222058
컴퓨팅 사고와 파이썬,김지연,한빛아카데미,2021년 05월,"24,000",,https://image.yes24.com/goods/101965449/L,101965449
데이터 과학을 위한 파이썬 머신러닝,최성철,한빛아카데미,2022년 01월,"30,000",,https://image.yes24.com/goods/105866234/L,105866234
파이썬으로 배우는 자료 구조 핵심 원리,양태환,길벗,2021년 08월,"19,800",10,https://image.yes24.com/goods/103190368/L,103190368
데이터를 다루며 배우는 파이썬,찰스 세브란스,인사이트(insight),2019년 08월,"16,200",,https://image.yes24.com/goods/77401048/L,77401048
실무가 훤히 보이는 머신러닝 & 딥러닝,마창수,책만,2019년 07월,"23,400",,https://image.yes24.com/goods/76893595/L,76893595
파이썬 마스터 1·2급,유성열,명진씨앤피,2021년 11월,"19,800",2,https://image.yes24.com/goods/104744348/L,104744348
코딩천재의 비법노트 3단계,브레인 퀘스트,우리학교,2021년 12월,"11,700",,https://image.yes24.com/goods/105803856/L,105803856
파이썬으로 시작하는 로봇 활용 SW 교육 : 햄스터,황준,영진닷컴,2020년 03월,"16,200",8.5,https://image.yes24.com/goods/88429236/L,88429236
머신러닝 도감,아키바 신야,제이펍,2019년 12월,"23,400",,https://image.yes24.com/goods/84809164/L,84809164
파이썬으로 배우는 공업수학,김도영,지오북스,2022년 02월,"30,000",,https://image.yes24.com/goods/107655186/L,107655186
직장인을 위한 실무 데이터 분석 with 엑셀,선양미,길벗,2020년 08월,"19,800",9.5,https://image.yes24.com/goods/91785181/L,91785181
파이썬,우재남,한빛아카데미,2016년 07월,"22,000",9.4,https://image.yes24.com/goods/30075248/L,30075248
생각대로 파이썬 파이썬 첫걸음,전현희,잇플ITPLE,2021년 01월,"20,700",10,https://image.yes24.com/goods/96669652/L,96669652
파이썬을 활용한 데이터 길들이기,캐서린 자멀,인사이트(insight),2017년 08월,"29,700",10,https://image.yes24.com/goods/44521924/L,44521924
퍼즐로 배우는 알고리즘 with 파이썬,SRINI DEVADAS,영진닷컴,2019년 09월,"18,000",9.7,https://image.yes24.com/goods/78567028/L,78567028
이제 시작이야! 컴퓨팅 사고력으로 인공지능까지 파이썬,전수진,연두에디션,2022년 01월,"23,000",,https://image.yes24.com/goods/106540957/L,106540957
한권으로 파이썬과 드론 날로 먹기 인공지능 편,이현종,잇플ITPLE,2021년 04월,"98,000",,https://image.yes24.com/goods/97966976/L,97966976
퀀트 전략 파이썬으로 세워라,박준규,비제이퍼블릭(BJ퍼블릭),2019년 04월,"21,600",8,https://image.yes24.com/goods/72157780/L,72157780
파이썬을 이용한 통계분석,이원우,자유아카데미,2022년 04월,"36,000",,https://image.yes24.com/goods/108851761/L,108851761
누구나 파이썬,전익진,디스커버리미디어,2022년 01월,"15,750",,https://image.yes24.com/goods/105536142/L,105536142
처음 시작하는 파이썬 프로그래밍,김동근,가메출판사,2018년 03월,"16,200",,https://image.yes24.com/goods/59415521/L,59415521
이토록 쉬운 딥러닝을 위한 기초 수학 with 파이썬,마스이 도시카츠,루비페이퍼,2019년 08월,"25,200",8.9,https://image.yes24.com/goods/77282770/L,77282770
아두이노와 피지컬 컴퓨팅 with 파이썬,이원규,교학사,2018년 12월,"14,400",,https://image.yes24.com/goods/67449987/L,67449987
코딩수학 파이썬 1,김상권,지오아카데미,2021년 09월,"17,000",,https://image.yes24.com/goods/102627508/L,102627508
파이썬을 이용한 수치해석,박철근,자유아카데미,2022년 02월,"33,000",,https://image.yes24.com/goods/107472939/L,107472939
파이썬아 반가워!,곽문기,다락원,2018년 08월,"12,420",9.9,https://image.yes24.com/goods/64087050/L,64087050
파이썬 프로그래밍,박영권,시대인,2022년 01월,"19,800",10,https://image.yes24.com/goods/105913438/L,105913438
한권으로 개발자가 원하던 파이썬 심화 A to Z,문용준,잇플ITPLE,2019년 11월,"28,800",9,https://image.yes24.com/goods/84183174/L,84183174
쉽게 배우는 파이썬 with 컴퓨팅 사고력,황혜정,글로벌,2017년 08월,"18,000",,https://image.yes24.com/goods/45018659/L,45018659
파이썬 네트워크 자동화,최병철,에이콘출판사,2019년 07월,"40,500",,https://image.yes24.com/goods/76456160/L,76456160
마케터의 파이썬,정희석,e비즈북스,2022년 01월,"19,800",,https://image.yes24.com/goods/106348870/L,106348870
파이썬으로 배우는 웹 크롤러,박정태,정보문화사,2018년 01월,"22,500",7.8,https://image.yes24.com/goods/57917885/L,57917885
파이썬답게 코딩하기,심경섭,비제이퍼블릭(BJ퍼블릭),2018년 04월,"18,000",8.4,https://image.yes24.com/goods/60493752/L,60493752
파이썬 함수 사용 설명서,권판검,글로벌,2021년 08월,"19,800",,https://image.yes24.com/goods/103302976/L,103302976
파이썬으로 배우는 데이터 과학 입문과 실습,데이비 실린,위키북스,2018년 02월,"24,300",10,https://image.yes24.com/goods/58511072/L,58511072
파이썬으로 배우는 영상처리,Sandipan Dey,홍릉과학출판사,2020년 01월,"33,000",,https://image.yes24.com/goods/83555436/L,83555436
컴퓨팅 사고와 소프트웨어 with 파이썬,성태응,인피니티북스,2022년 03월,"25,000",,https://image.yes24.com/goods/107904737/L,107904737
파이썬을 여행하는 히치하이커를 위한 안내서,케네스 레이츠,인사이트(insight),2017년 10월,"24,300",9,https://image.yes24.com/goods/55258117/L,55258117
R과 파이썬 머신러닝 어프로치,강병서,한경사,2020년 05월,"35,000",,https://image.yes24.com/goods/90554031/L,90554031
한번에 이해되는 파이썬 기초 실습,고응남,인피니티북스,2022년 04월,"25,000",,https://image.yes24.com/goods/109002247/L,109002247
파이썬과 주피터 노트북 기반의 SAS Viya,강봉주,자유아카데미,2021년 10월,"33,000",,https://image.yes24.com/goods/104479557/L,104479557
"파이썬 기초의 모든 것, 14개의 코딩 이야기!",박영호,교학사,2018년 04월,"10,800",,https://image.yes24.com/goods/59578583/L,59578583
파이썬으로 배우는 수학적 프로그래밍,알란 M. 스테이블리,프리렉,2015년 08월,"22,500",9.5,https://image.yes24.com/goods/19994035/L,19994035
제대로 배우는 파이썬,홍의경,생능출판사,2022년 03월,"32,000",,https://image.yes24.com/goods/108016465/L,108016465
사이버파이와 함께하는 인공지능 파이썬&블럭코딩,창의융합과학,창의융합과학,2021년 12월,"22,500",,https://image.yes24.com/goods/106712868/L,106712868
파이썬을 이용한 빅데이터 분석,유성준,21세기사,2018년 10월,"25,000",,https://image.yes24.com/goods/65490086/L,65490086
핵심만 쏙쏙 파이썬,양숙희,연두에디션,2020년 02월,"19,000",10,https://image.yes24.com/goods/88319108/L,88319108
컴퓨팅 사고와 함께하는 파이썬 기초부터 인공지능 응용까지,김성백,연두에디션,2019년 12월,"24,000",10,https://image.yes24.com/goods/86544334/L,86544334
과학적 컴퓨팅을 위한 파이썬,이정환,홍릉과학출판사,2019년 09월,"25,000",,https://image.yes24.com/goods/78699939/L,78699939
Try! helloworld 파이썬,정윤원,길벗,2017년 02월,"16,200",10,https://image.yes24.com/goods/35907623/L,35907623
더 탄탄하게 배우는 파이썬 3,제드 쇼,성안당,2018년 08월,"18,000",9,https://image.yes24.com/goods/63796161/L,63796161
딱 하루에 끝내는 파이썬 핵심기초,더 코딩 칼리지,BOOKK(부크크),2020년 05월,"12,700",,https://image.yes24.com/goods/90397604/L,90397604
비주얼 수학 + 비주얼 코딩 스크래치&파이썬 세트,캐롤 보더먼,청어람미디어,2016년 12월,"37,440",9.6,https://image.yes24.com/goods/34961592/L,34961592
데이터 분석을 위한 파이썬 철저 입문,최은석,위키북스,2019년 04월,"25,200",,https://image.yes24.com/goods/72133792/L,72133792
머신러닝 & 딥러닝 입문 with 사이킷런 + 파이토치,홍승백,루비페이퍼,2021년 08월,"25,200",10,https://image.yes24.com/goods/103412517/L,103412517
쓰면서 익히는 알고리즘과 자료구조,윤대석,한빛미디어,2021년 03월,"23,400",9.4,https://image.yes24.com/goods/98828718/L,98828718
"프로그래머를 위한 수학 : 파이썬으로 하는 3D 그래픽스, 시뮬레이션, 머신러닝",폴 올랜드,한빛아카데미,2021년 12월,"42,000",,https://image.yes24.com/goods/106045879/L,106045879
파이썬 프로그래밍,유영환,부산대학교출판문화원,2021년 08월,"24,000",,https://image.yes24.com/goods/103631542/L,103631542
기초 수학으로 이해하는 머신러닝 알고리즘,타테이시 켄고,위키북스,2018년 02월,"19,800",,https://image.yes24.com/goods/58511068/L,58511068
파이썬으로 배우는 자료구조 프로그래밍,유석종,휴먼싸이언스,2022년 02월,"25,000",,https://image.yes24.com/goods/107524929/L,107524929
내 일을 바꾸는 업무 자동화,이태화,프리렉,2020년 06월,"19,800",8.6,https://image.yes24.com/goods/90451960/L,90451960
쉽게 이해되는 파이썬 프로그래밍,유석종,인피니티북스,2022년 02월,"27,000",,https://image.yes24.com/goods/107904746/L,107904746
파이썬과 함께하는 대학 미분적분학,이정례,교우사(오판근),2022년 03월,"25,000",,https://image.yes24.com/goods/107529252/L,107529252
파이썬 딥러닝으로 시작하는 이상 징후 탐지 (한국어판),박기웅,홍릉,2021년 09월,"37,000",,https://image.yes24.com/goods/103614647/L,103614647
파이썬 해킹 입문,조성문,프리렉,2014년 12월,"20,700",7.5,https://image.yes24.com/goods/15333939/L,15333939
파이썬 프로그래밍 교과서,제니퍼 캠벨,길벗,2019년 04월,"20,700",,https://image.yes24.com/goods/71966864/L,71966864
파이썬으로 완성하는 비지도 학습 알고리즘,송동근,비제이퍼블릭(BJ퍼블릭),2021년 12월,"30,600",9.5,https://image.yes24.com/goods/105751140/L,105751140
그림과 함께하는 파이썬 수업,최윤철,생능출판사,2021년 11월,"28,000",10,https://image.yes24.com/goods/104720383/L,104720383
돈 되는 파이썬 인공지능 프로그래밍,아카이시 마사노리,위키북스,2021년 06월,"22,500",,https://image.yes24.com/goods/102220916/L,102220916
파이썬과 함께하는 AI젯봇,아이씨뱅큐,아이씨뱅큐,2021년 05월,"22,500",,https://image.yes24.com/goods/102099802/L,102099802
슬기로운 파이썬생활 데이터 싹쓰리 & 업무자동화,서진수,가치랩스,2020년 11월,"33,000",9.8,https://image.yes24.com/goods/95878638/L,95878638
PySpark 배우기,토마스 드라바스,에이콘출판사,2017년 10월,"27,000",,https://image.yes24.com/goods/54701077/L,54701077
코딩 초보자를 위한 데이터 중심의 파이썬 프로그래밍,길준민,인피니티북스,2019년 12월,"22,000",,https://image.yes24.com/goods/89564297/L,89564297
코딩마법서 파이썬 1권 STONE,오일러,오일러,2021년 04월,"40,500",,https://image.yes24.com/goods/100026767/L,100026767
알고리즘과 파이썬,채진석,정익사,2019년 08월,"27,000",,https://image.yes24.com/goods/77203392/L,77203392
금융 전문가를 위한 머신러닝 알고리즘,얀네스 클라스,위키북스,2021년 01월,"31,500",,https://image.yes24.com/goods/96427004/L,96427004
"머신 러닝을 위한 수학 with 파이썬, R",이원상,길벗,2020년 08월,"21,600",6.3,https://image.yes24.com/goods/91790187/L,91790187
이공학을 위한 파이썬 프로그래밍,정동호,내하출판사,2020년 03월,"22,000",,https://image.yes24.com/goods/89785457/L,89785457
손에 잡히는 판다스,문용준,비제이퍼블릭(BJ퍼블릭),2018년 11월,"28,800",7.3,https://image.yes24.com/goods/66992837/L,66992837
알기 쉬운 인공지능 with 파이썬,김현정,인피니티북스,2021년 09월,"22,000",,https://image.yes24.com/goods/103552440/L,103552440
파이썬·케라스로 시작하는 AI기초,천상훈,복두출판사,2021년 07월,"15,000",,https://image.yes24.com/goods/102900417/L,102900417
파이썬으로 텍스트 분석하기,윤태일,늘봄,2018년 12월,"17,100",,https://image.yes24.com/goods/77708059/L,77708059
모던 파이썬 입문,아나 벨,길벗,2019년 10월,"23,400",,https://image.yes24.com/goods/79651820/L,79651820
파이썬과 NumPy로 배우는 선형대수,이정주,비제이퍼블릭(BJ퍼블릭),2019년 09월,"23,400",9.5,https://image.yes24.com/goods/78896144/L,78896144
인공지능과 함께 하는 파이썬,복거철,성진미디어,2021년 11월,"15,000",,https://image.yes24.com/goods/107664021/L,107664021
머신러닝을 위한 파이썬 한 조각,박성호,비제이퍼블릭(BJ퍼블릭),2020년 02월,"21,600",9.8,https://image.yes24.com/goods/87663679/L,87663679
플로우가 보이는 머신러닝 프로젝트,임선집,루비페이퍼,2022년 05월,"28,800",,https://image.yes24.com/goods/109753620/L,109753620
파이썬 코딩 0교시,줄리 스웨이,프리렉,2021년 04월,"16,200",9.7,https://image.yes24.com/goods/100042246/L,100042246
컴퓨터 사이언스 부트캠프 with 파이썬,양태환,길벗,2018년 02월,"21,600",10,https://image.yes24.com/goods/58552941/L,58552941
파이썬,박병기,아티오,2017년 01월,"20,700",,https://image.yes24.com/goods/35188929/L,35188929
러닝 파이썬 하편,마크 루츠,제이펍,2018년 03월,"34,200",,https://image.yes24.com/goods/59286514/L,59286514
입문자를 위한 파이썬 프로그래밍,김상근,북스홀릭퍼블리싱,2021년 08월,"19,800",,https://image.yes24.com/goods/103288274/L,103288274
파이썬 데이터 전처리 및 탐색 라이브러리,허진경,BOOKK(부크크),2021년 09월,"29,400",,https://image.yes24.com/goods/104409110/L,104409110
통계학 : 파이썬을 이용한 분석,박진호,자유아카데미,2018년 08월,"30,000",,https://image.yes24.com/goods/63859643/L,63859643
가장 쉬운 파이썬 입문교실,오오사와 후미타카,영진닷컴,2018년 07월,"15,300",8,https://image.yes24.com/goods/61815208/L,61815208
러닝 파이썬 세트,마크 루츠,제이펍,2018년 03월,"68,400",8.5,https://image.yes24.com/goods/59317494/L,59317494
진짜 코딩하며 배우는 파이썬 바리스타 프로그램 만들기,서민우,앤써북,2020년 08월,"15,930",9.7,https://image.yes24.com/goods/91285257/L,91285257
파이썬과 함께 배우는 신호와 시스템,남승현,홍릉,2020년 03월,"28,000",,https://image.yes24.com/goods/89563900/L,89563900
파이썬 연습,김기용,그린 (윤덕우),2022년 02월,"26,000",,https://image.yes24.com/goods/107653913/L,107653913
누구나 쉽게 배우는 코딩,브라이슨 페인,비제이퍼블릭(BJ퍼블릭),2015년 10월,"24,750",,https://image.yes24.com/goods/20520429/L,20520429
파이썬으로 움직이는 EV3 로봇,황일규,복두출판사,2021년 07월,"22,000",,https://image.yes24.com/goods/102741486/L,102741486
수학적 모델링 콘텐츠 파이썬 1,김준석,지오북스,2021년 09월,"11,000",,https://image.yes24.com/goods/102717465/L,102717465
파이썬과 코랩기반의 OpenCV로 배우는 영상처리,고병철,그린,2022년 01월,"20,000",,https://image.yes24.com/goods/105881105/L,105881105
파이썬으로 배우는 소프트웨어 디자인,김홍준,인피니티북스,2020년 02월,"20,000",,https://image.yes24.com/goods/89553202/L,89553202
파이썬으로 배우는 수치 데이터 처리,김동근,가메출판사,2020년 03월,"19,800",,https://image.yes24.com/goods/89430174/L,89430174
10대를 위한 파이썬 교과서,아리스티데스 보우라스,교학사,2020년 01월,"19,800",,https://image.yes24.com/goods/85961001/L,85961001
빠르게 활용하는 파이썬 3.6 프로그래밍,신호철,위키북스,2017년 07월,"27,000",10,https://image.yes24.com/goods/43751272/L,43751272
파이썬에 참 좋은 PyCharm,테리엇,비제이퍼블릭(BJ퍼블릭),2019년 10월,"20,700",6,https://image.yes24.com/goods/80923978/L,80923978
ELS 평가를 위한 몬테카를로 시뮬레이션과 유한차분법 : 파이썬 활용,한현수,지오북스,2019년 11월,"19,000",,https://image.yes24.com/goods/80853210/L,80853210
파이썬 객체지향 프로그래밍,성백균,홍릉,2021년 02월,"25,000",,https://image.yes24.com/goods/98270984/L,98270984
"만들면서 배우는 파이썬 하나, 둘, 셋",나인섭,연두에디션,2021년 12월,"20,000",10,https://image.yes24.com/goods/106337736/L,106337736
파이썬 고급 딥러닝,Ivan Vasilev,홍릉과학출판사,2021년 11월,"39,000",,https://image.yes24.com/goods/105248835/L,105248835
파이썬 딥러닝 프로젝트,Matthew Lamons,홍릉과학출판사,2021년 11월,"39,000",,https://image.yes24.com/goods/105248830/L,105248830
파이썬과 Fraudit을 활용한 회계부정적발,안정국,아진(교재),2021년 08월,"47,500",,https://image.yes24.com/goods/103303929/L,103303929
한권으로 파이썬 데이터 사이언스 입문 AtoZ,문성혁,잇플ITPLE,2020년 01월,"26,100",8.9,https://image.yes24.com/goods/85477574/L,85477574
파이썬 인 프랙티스,오현석,위키북스,2014년 09월,"25,200",,https://image.yes24.com/goods/14306425/L,14306425
왕초보를 위한 파이썬 프로그래밍 입문서,Dave Lee,아티오,2017년 07월,"10,800",8.8,https://image.yes24.com/goods/43504370/L,43504370
파이썬 해킹프로그래밍,한상준,(주)박영사,2019년 03월,"14,000",,https://image.yes24.com/goods/71029675/L,71029675
모두를 위한 파이썬,Cay Horstmann,한티에듀,2020년 03월,"35,000",,https://image.yes24.com/goods/97986625/L,97986625
파이썬과 OpenCV로 실습하며 배우는 영상처리,김성영,카오스북,2021년 03월,"23,000",,https://image.yes24.com/goods/97913442/L,97913442
따라하면서 배우는 파이썬,이상철,복두출판사,2021년 12월,"13,000",,https://image.yes24.com/goods/106026560/L,106026560
알기쉬운 파이썬,시바타 아츠시,광문각,2018년 05월,"23,000",,https://image.yes24.com/goods/61268446/L,61268446
코딩 클럽 LV3. 제대로 된 파이썬 앱 만들기,크리스 로피,한빛미디어,2015년 11월,"9,000",,https://image.yes24.com/goods/22907162/L,22907162
파이썬 자료구조,김병호,홍릉,2021년 07월,"15,000",,https://image.yes24.com/goods/103165137/L,103165137
헬로! 파이썬 프로그래밍,워렌 산데,위키북스,2015년 09월,"24,300",10,https://image.yes24.com/goods/20104204/L,20104204
쉽게 배우는 파이썬,김은옥,삼양미디어,2021년 07월,"16,200",,https://image.yes24.com/goods/102502730/L,102502730
파이썬 코딩의 기초,조연상,상학당,2021년 07월,"32,000",,https://image.yes24.com/goods/102277398/L,102277398
파이썬 Phython,김영천,기한재,2020년 02월,"25,000",,https://image.yes24.com/goods/89417518/L,89417518
파이썬을 이용한 컴퓨터 과학 입문,로버트 세지윅,길벗,2019년 12월,"43,200",10,https://image.yes24.com/goods/85111306/L,85111306
데이터 분석을 위한 파이썬,오경선,인피니티북스,2022년 03월,"25,000",,https://image.yes24.com/goods/108549687/L,108549687
파이썬으로 구현하는 AI 이해와 활용,박상배,일진사,2022년 03월,"19,800",,https://image.yes24.com/goods/108019868/L,108019868
쏙 들어오는 파이썬 프로그래밍,진민,휴먼싸이언스,2020년 12월,"20,000",,https://image.yes24.com/goods/95734439/L,95734439
파이썬 활용 산업응용수학의 기본,김준석,지오북스,2020년 09월,"15,000",,https://image.yes24.com/goods/91418972/L,91418972
개발자를 위한 파이썬,윤웅식,한빛미디어,2017년 11월,"18,000",7.8,https://image.yes24.com/goods/55997735/L,55997735
러닝스쿨! 파이썬 교과서,쿠지라 히코우즈쿠에,위키북스,2017년 07월,"19,800",,https://image.yes24.com/goods/44133115/L,44133115
파이썬 예제와 함께하는 강화학습,김승현,홍릉과학출판사,2019년 06월,"22,000",,https://image.yes24.com/goods/77254784/L,77254784
72시간 파이썬 정복,이승현,광문각,2019년 07월,"24,000",,https://image.yes24.com/goods/76891961/L,76891961
파이썬을 활용한 크롤러 개발과 스크레이핑 입문,카토 카츠야,위키북스,2019년 07월,"27,000",,https://image.yes24.com/goods/76488159/L,76488159
파이썬의 신,김주현,로드북,2016년 12월,"24,300",8,https://image.yes24.com/goods/34569812/L,34569812
코딩 클럽 LV4. 파이썬 프로그래밍 아트,크리스 로피,한빛미디어,2016년 10월,"9,000",,https://image.yes24.com/goods/32452780/L,32452780
파이썬으로 실무에 바로 적용하는 머신 러닝,강봉주,에이콘출판사,2019년 01월,"27,000",,https://image.yes24.com/goods/68729176/L,68729176
파이썬으로 배우는 머신러닝 입문,오제키 마사유키,성안당,2021년 04월,"17,820",,https://image.yes24.com/goods/99475472/L,99475472
인공지능 파이썬 기초다지기,김찬교,홍릉과학출판사,2022년 06월,"13,000",,https://image.yes24.com/goods/110244050/L,110244050
파이썬 데이터 분석,장용식,생능출판사,2022년 02월,"28,000",,https://image.yes24.com/goods/108023856/L,108023856
파이썬 프로그래밍,조인석,혜지원,2016년 03월,"24,300",10,https://image.yes24.com/goods/24803135/L,24803135
달구나 파이썬!,노순국,연두에디션,2021년 12월,"20,000",,https://image.yes24.com/goods/106337715/L,106337715
통계를 위한 파이썬 프로그래밍,김진성,가메출판사,2021년 09월,"22,500",,https://image.yes24.com/goods/103752025/L,103752025
파이썬으로 시작하는 라즈베리파이 3,김경신,복두출판사,2018년 03월,"16,000",6,https://image.yes24.com/goods/59574608/L,59574608
파이썬으로 배우는 프로그래밍 기초,임좌상,인피니티북스,2018년 02월,"23,000",,https://image.yes24.com/goods/59199240/L,59199240
구글로 공부하는 파이썬,김용재,비제이퍼블릭(BJ퍼블릭),2018년 03월,"37,800",7,https://image.yes24.com/goods/59066361/L,59066361
파이썬 프로그래밍 핵심,전희성,UUP,2021년 02월,"13,000",,https://image.yes24.com/goods/101973315/L,101973315
신비한 파이썬 프로젝트,리 본,영진닷컴,2020년 05월,"21,600",,https://image.yes24.com/goods/90198972/L,90198972
파이썬 터틀 그래픽을 이용한 프로그래밍 코딩,정민영,21세기사,2017년 09월,"20,000",,https://image.yes24.com/goods/45542659/L,45542659
파이썬 입문 A to Z,문용준,잇플ITPLE,2019년 06월,"14,850",,https://image.yes24.com/goods/74265336/L,74265336
기본에 집중한 파이썬 프로그래밍,손승일,21세기사,2022년 01월,"30,000",,https://image.yes24.com/goods/106560536/L,106560536
한권으로 파이썬과 드론 날로 먹기 인공지능 편,이현종,잇플ITPLE,2021년 12월,"107,800",,https://image.yes24.com/goods/106157392/L,106157392
필수 알고리즘 with 파이썬,박선주,영진닷컴,2018년 10월,"14,400",8.6,https://image.yes24.com/goods/65050088/L,65050088
실전 스케일링 파이썬 프로그래밍,줄리안 단주,인사이트(insight),2018년 08월,"17,100",10,https://image.yes24.com/goods/63747074/L,63747074
컴맹을 위한 파이썬,정덕,디지털북스,2018년 07월,"10,800",,https://image.yes24.com/goods/62163360/L,62163360
파이썬 입문에서 활용까지 세트,민형기,비제이퍼블릭(BJ퍼블릭),2018년 03월,"62,550",8.4,https://image.yes24.com/goods/59435907/L,59435907
Do it! 점프 투 파이썬 + Do it! 자료구조와 함께 배우는 알고리즘 입문 : 파이썬 편 + Do it! 파이썬 생활 프로그래밍,박응용,이지스퍼블리싱,,"54,720",9.6,https://image.yes24.com/goods/91446242/L,91446242
Do it! 점프 투 파이썬 + Do it! 파이썬 생활 프로그래밍,박응용,이지스퍼블리싱,,"34,920",9.6,https://image.yes24.com/goods/91446225/L,91446225
Do it! 점프 투 파이썬 + Do it! 첫 파이썬,엘리스 코딩,이지스퍼블리싱,,"29,520",9.6,https://image.yes24.com/goods/91446188/L,91446188
파이썬 기반의 natural 컴퓨팅,잔카를로 자코네,홍릉,2020년 05월,"33,000",,https://image.yes24.com/goods/90179726/L,90179726
파이썬으로 배우는 프로그래밍 기초,크리스 로피,한빛아카데미,2016년 08월,"13,000",,https://image.yes24.com/goods/89464542/L,89464542
파이썬으로 구현하는 고급 머신 러닝,존 하티,에이콘출판사,2017년 08월,"29,700",,https://image.yes24.com/goods/44331105/L,44331105
처음 시작하는 파이썬 코딩,문병수,(유)캐멀컨설팅,2017년 07월,"14,400",,https://image.yes24.com/goods/44135465/L,44135465
파이썬에 기반한 케라스 딥러닝 실전,씨에량,광문각,2019년 10월,"27,000",,https://image.yes24.com/goods/80389565/L,80389565
Do it! 점프 투 파이썬 + 딥러닝 입문,박응용,이지스퍼블리싱,,"34,740",9.6,https://image.yes24.com/goods/79672557/L,79672557
내가 하는 사물인터넷 프로그래밍 1 라즈베리 파이 파이썬 편,설상동,지식과감성#,2017년 03월,"18,000",10,https://image.yes24.com/goods/37140086/L,37140086
파이썬 프로그래밍,이광수,휴먼싸이언스,2017년 02월,"20,000",,https://image.yes24.com/goods/36873334/L,36873334
파이썬 튜토리얼,장혜진,홍릉과학출판사,2019년 02월,"32,000",,https://image.yes24.com/goods/72140694/L,72140694
파이썬을 이용한 실전 프로그래밍,Ljubomir Perkovic,홍릉과학출판사,2019년 04월,"35,000",,https://image.yes24.com/goods/71993469/L,71993469
백박스 기반의 파이썬 2.7,오동진,에이콘출판사,2016년 09월,"22,500",,https://image.yes24.com/goods/32280914/L,32280914
파이썬 프로그램,박진표,경남대학교출판부,2018년 12월,"25,000",,https://image.yes24.com/goods/68283531/L,68283531
컴퓨터 사고력 향상을 위한 데이터 구조 및 알고리즘 - 파이썬편,정인기,홍릉과학출판사,2022년 06월,"27,000",,https://image.yes24.com/goods/110105864/L,110105864
Do it! 점프 투 파이썬 + 파이썬 라이브러리 예제 편,박응용,이지스퍼블리싱,2022년 05월,"40,320",9.6,https://image.yes24.com/goods/109589637/L,109589637
파이썬 데이터계산 행렬수학,김종률,경문사,2020년 12월,"29,000",,https://image.yes24.com/goods/97684725/L,97684725
"안녕, 파이썬",김학인,북랩,2022년 03월,"16,110",,https://image.yes24.com/goods/107995262/L,107995262
기계학습 기반의 파이썬 활용,황철현,성진미디어,2021년 11월,"18,000",,https://image.yes24.com/goods/107687921/L,107687921
파이썬 프로그래밍,Guttag,홍릉과학출판사,2016년 03월,"23,000",,https://image.yes24.com/goods/24809982/L,24809982
공학텍스트북 파이썬 수치해석,Qingkai Kong,휴먼싸이언스,2022년 02월,"33,000",,https://image.yes24.com/goods/107460790/L,107460790
파이썬 프로그래밍 기초부터 응용까지 세트,오현석,에이콘출판사,2014년 02월,"61,200",,https://image.yes24.com/goods/12041397/L,12041397
스펙트럼 머신러닝 with 파이썬,장철원,비제이퍼블릭(BJ퍼블릭),2021년 12월,"64,350",9.4,https://image.yes24.com/goods/106481016/L,106481016
맛있게 읽는 말랑말랑 파이썬 유쾌한 맛!,신유선,북스힐,2022년 01월,"15,200",10,https://image.yes24.com/goods/106472481/L,106472481
컴퓨팅사고와 파이썬 프로그래밍,김영탁,홍릉,2022년 01월,"34,000",,https://image.yes24.com/goods/106356503/L,106356503
국가대표 파이썬 첫걸음,The Coding College Instructors,더코딩칼리지,2018년 07월,"21,420",10,https://image.yes24.com/goods/62157627/L,62157627
실습을 통해 쉽게 배우는 파이썬,임정목,현우사,2018년 03월,"19,000",,https://image.yes24.com/goods/61270479/L,61270479
입문에서 실무까지 완벽 정리 파이썬,임정목,현우사,2018년 03월,"24,000",,https://image.yes24.com/goods/61261372/L,61261372
컴퓨팅 사고력을 키워주는 파이썬 프로그래밍,김성호,글로벌,2017년 12월,"16,200",,https://image.yes24.com/goods/61260649/L,61260649
파이썬으로 구현한 인공지능,박태희,홍릉,2021년 09월,"23,000",,https://image.yes24.com/goods/103614599/L,103614599
유튜버 주간컴공 지마&참깨의 프리패스 파이썬,지마,고시고시,2020년 09월,"16,200",,https://image.yes24.com/goods/93391899/L,93391899
라이노 파이썬,김성욱,창조와지식,2021년 06월,"10,800",,https://image.yes24.com/goods/102471590/L,102471590
파이썬으로 시작하는 데이터 과학,심송용,교우,2022년 06월,"36,000",,https://image.yes24.com/goods/110135268/L,110135268
실전 파이썬 프로그래밍,줄리안 단주,인사이트(insight),2014년 12월,"15,300",8,https://image.yes24.com/goods/15418826/L,15418826
경영학과 함께하는 파이썬 인공지능,박경욱,드림미디어(안기열),2022년 03월,"28,000",,https://image.yes24.com/goods/108604894/L,108604894
깐깐하게 배우는 파이썬,제드쇼,인사이트(insight),2014년 11월,"21,600",7.5,https://image.yes24.com/goods/15240210/L,15240210
파이썬으로 배우는 소프트웨어와 인공지능,조행래,영남대학교출판부(知YU智),2022년 03월,"25,000",,https://image.yes24.com/goods/108405946/L,108405946
파이썬 프로젝트 Active 개발 가이드,최원우,아이콕스(iCox),2019년 08월,"19,000",,https://image.yes24.com/goods/78213057/L,78213057
파이썬으로 시작하는 컴퓨터 과학 입문,존 M. 젤,인사이트(insight),2017년 08월,"27,000",,https://image.yes24.com/goods/44503003/L,44503003
파이썬 프로그래밍,손승일,21세기사,2022년 01월,"30,000",,https://image.yes24.com/goods/106560534/L,106560534
파이썬 웹 프로그래밍 에센셜 개정판,김승구,BOOKK(부크크),2021년 02월,"22,200",,https://image.yes24.com/goods/97584256/L,97584256
파이썬3 입문과 활용,심윤식,지란지교에듀랩,2021년 02월,"24,300",,https://image.yes24.com/goods/97544587/L,97544587
중1수학(상) 파이썬 프로그래밍,정기철,홍릉과학출판사,2017년 03월,"16,000",,https://image.yes24.com/goods/37960961/L,37960961
초간단 파이썬 입문서,유채곤,BOOKK(부크크),2017년 02월,"9,200",,https://image.yes24.com/goods/37204380/L,37204380
시작북 파이썬,코딩 코치스,BOOKK(부크크),2020년 12월,"11,000",,https://image.yes24.com/goods/96581749/L,96581749
진짜 쉽고 쓸모 있는 언어 파이썬,안진섭,성안당,2016년 10월,"24,300",,https://image.yes24.com/goods/32692605/L,32692605
비전공자도 쉽게 이해하는 파이썬 입문,윤선영,아이콕스(iCox),2021년 07월,"19,000",,https://image.yes24.com/goods/102641435/L,102641435
파이썬과 케라스로 배우는 대소니의 딥러닝 기초,김철우,디지털북스,2018년 04월,"20,700",,https://image.yes24.com/goods/59414266/L,59414266
컴퓨터 비전공자를 위한 파이썬을 활용한 기초컴퓨터프로그래밍,유영환,부산대학교출판부(PNU Press),2017년 08월,"24,000",,https://image.yes24.com/goods/58479239/L,58479239
25시간만에 배우는 머신러닝 예제 : 파이썬 활용,김준석,이모션미디어,2018년 01월,"15,000",,https://image.yes24.com/goods/57920708/L,57920708
하루에 쪼갠다 파이썬,코딩코치스,BOOKK(부크크),2020년 08월,"9,800",,https://image.yes24.com/goods/92137631/L,92137631
파이선으로 쉽게 배우는 프로그래밍 입문,조인석,한빛아카데미,2017년 12월,"21,000",,https://image.yes24.com/goods/57764788/L,57764788
Django 한 그릇 뚝딱,문범우,비제이퍼블릭(BJ퍼블릭),2019년 11월,"25,200",9,https://image.yes24.com/goods/83568594/L,83568594
EV3 로봇 창작 프로젝트,김형기,삼양미디어,2020년 11월,"16,200",,https://image.yes24.com/goods/94482730/L,94482730
소프트웨어와 문제해결,조대제,인피니티북스,2019년 12월,"20,000",,https://image.yes24.com/goods/89522045/L,89522045
딥러닝 AI프로젝트 실사례,산타누 파타나야크,홍릉,2020년 03월,"29,000",,https://image.yes24.com/goods/89462458/L,89462458
알파회계,김태식,와이북스,2017년 09월,"15,000",,https://image.yes24.com/goods/51189995/L,51189995
추천 엔진을 구축하기 위한 기본서,수레시 고라칼라,에이콘출판사,2017년 09월,"29,700",2,https://image.yes24.com/goods/45505030/L,45505030
빅데이터 시각화,제임스 밀러,에이콘출판사,2019년 11월,"25,200",,https://image.yes24.com/goods/82892901/L,82892901
컴퓨터 프로그래밍 첫걸음,성창규,앤아이컴즈,2016년 03월,"20,000",6,https://image.yes24.com/goods/29134577/L,29134577
텐서플로로 시작하는 딥러닝 입문,아다치 하루카,위키북스,2019년 01월,"18,000",,https://image.yes24.com/goods/67712406/L,67712406
텐서플로로 하는 딥러닝 기초와 응용,파올로 갈리오니,에이콘출판사,2020년 11월,"27,000",,https://image.yes24.com/goods/95544092/L,95544092
우아한 사이파이,후안 누네즈-이글레시아스,한빛미디어,2018년 06월,"25,200",9.1,https://image.yes24.com/goods/60896253/L,60896253
화살표를 따라가며 패턴을 익히는 화살표 코딩 2,맥스 웨인라이트,길벗어린이,2017년 12월,"9,500",10,https://image.yes24.com/goods/57619712/L,57619712
유쾌한 코딩,하일규,인피니티북스,2020년 03월,"17,000",,https://image.yes24.com/goods/89564316/L,89564316
손에 잡히는 실전 비즈니스 인텔리전스,아메드 셰리프,에이콘출판사,2017년 04월,"27,000",,https://image.yes24.com/goods/38965516/L,38965516
파이토치 첫걸음,두세교,제이펍,2019년 05월,"21,600",10,https://image.yes24.com/goods/72307730/L,72307730
핵심 딥러닝 입문 세트,,책만,,"48,600",9,https://image.yes24.com/goods/95888250/L,95888250
딥러닝 데이터 전처리 입문,앨런 비소첵,에이콘출판사,2018년 05월,"18,000",,https://image.yes24.com/goods/60744843/L,60744843
IPython 6.0,토마스 비터만,에이콘출판사,2018년 03월,"27,000",,https://image.yes24.com/goods/59057807/L,59057807
부모와 교사를 위한 화살표 코딩 가이드북,맥스 웨인라이트,길벗어린이,2017년 12월,"14,250",10,https://image.yes24.com/goods/57620154/L,57620154
화살표를 따라가며 패턴을 익히는 화살표 코딩 4,맥스 웨인라이트,길벗어린이,2017년 12월,"9,500",10,https://image.yes24.com/goods/57620023/L,57620023
화살표를 따라가며 패턴을 익히는 화살표 코딩 3,맥스 웨인라이트,길벗어린이,2017년 12월,"9,500",10,https://image.yes24.com/goods/57619989/L,57619989
화살표를 따라가며 패턴을 익히는 화살표 코딩 1,맥스 웨인라이트,길벗어린이,2017년 12월,"9,500",10,https://image.yes24.com/goods/57619637/L,57619637
트위스티드,제시카 맥켈러,인사이트(insight),2014년 08월,"16,200",,https://image.yes24.com/goods/14206850/L,14206850
케라스 딥러닝 응용,리테쉬 바그와트,에이콘출판사,2020년 06월,"31,500",,https://image.yes24.com/goods/90523881/L,90523881
씽크 파이썬 Think Python,앨런 다우니,길벗,2017년 10월,"19,800",,https://image.yes24.com/goods/50280783/L,50280783
Black Hat Python,저스틴 지이츠,에이콘출판사,2015년 04월,"22,500",7,https://image.yes24.com/goods/17571220/L,17571220
처음 만나는 AI 수학 with Python,아즈마 유키나가,영진닷컴,2021년 01월,"20,700",8,https://image.yes24.com/goods/96805069/L,96805069
Python을 이용한 개인화 추천시스템,임일,도서출판청람(이수영),2020년 08월,"18,000",8,https://image.yes24.com/goods/92150193/L,92150193
Getting Start Python(파이썬)2nd,김영아,구민사,2019년 04월,"22,500",,https://image.yes24.com/goods/72273492/L,72273492
The Python - 파이썬 프로그래밍 3부,허진경,BOOKK(부크크),2019년 07월,"28,000",,https://image.yes24.com/goods/80084289/L,80084289
The Python - 파이썬 프로그래밍 2부,허진경,BOOKK(부크크),2019년 07월,"18,000",,https://image.yes24.com/goods/80084264/L,80084264
The Python - 파이썬 프로그래밍 1부,허진경,BOOKK(부크크),2019년 07월,"22,000",,https://image.yes24.com/goods/80084247/L,80084247
Python을 이용한 공학수치해석,Jaan Kiusalaas,학산미디어,2020년 02월,"32,000",,https://image.yes24.com/goods/89897080/L,89897080
python으로 배우는 OpenCV 프로그래밍,김동근,가메출판사,2018년 08월,"23,400",,https://image.yes24.com/goods/64089709/L,64089709
Python 실습으로 기초부터,이진영,서현사,2017년 08월,"21,000",,https://image.yes24.com/goods/47621747/L,47621747
The Python,허진경,BOOKK(부크크),2018년 11월,"25,000",,https://image.yes24.com/goods/67326858/L,67326858
Internet Programming with Python 21일 완성,,삼각형프레스,1997년 11월,"15,300",,https://image.yes24.com/goods/41408/L,41408
혼자 공부하는 파이썬,윤인성,한빛미디어,2019년 06월,"16,200",9.4,https://image.yes24.com/goods/74269975/L,74269975
파이썬 학습 로드맵 세트,김석훈,한빛미디어,2019년 11월,"64,800",9,https://image.yes24.com/goods/82145777/L,82145777
핸즈온 머신러닝 · 딥러닝 알고리즘 트레이딩,스테판 젠슨,에이콘출판사,2020년 07월,"38,700",,https://image.yes24.com/goods/91304565/L,91304565
파이썬 GUI 프로그래밍 쿡북 2/e,부르크하르트 메이어,에이콘출판사,2018년 04월,"31,500",9,https://image.yes24.com/goods/59871444/L,59871444
RESTful 파이썬 웹 서비스 제작,가스통 힐라,에이콘출판사,2017년 07월,"31,500",10,https://image.yes24.com/goods/43845343/L,43845343
파이썬 프로그래밍으로 지루한 작업 자동화하기,알 스웨이가트,스포트라잇북,2019년 01월,"27,000",8.2,https://image.yes24.com/goods/36067504/L,36067504
데이터 과학,조엘 그루스,인사이트(insight),2016년 06월,"24,300",8.4,https://image.yes24.com/goods/27951467/L,27951467
파이썬과 Jupyter Notebook,시릴 로산트,에이콘출판사,2016년 03월,"18,000",,https://image.yes24.com/goods/24968840/L,24968840
파이썬을 활용한 공격적 & 방어적 해킹 프로그래밍,저스틴 지이츠,에이콘출판사,2015년 05월,"42,120",,https://image.yes24.com/goods/17703501/L,17703501
파이썬 머신러닝 완벽 가이드,권철민,위키북스,2020년 02월,"34,200",9.5,https://image.yes24.com/goods/87044746/L,87044746
미적분과 벡터해석 기초,심성아,경문사,2020년 03월,"15,000",8,https://image.yes24.com/goods/89325687/L,89325687
파이썬 for Beginner,우재남,한빛아카데미,2020년 01월,"23,000",10,https://image.yes24.com/goods/83849188/L,83849188
파이썬 라이브러리를 활용한 머신러닝,안드레아스 뮐러,한빛미디어,2019년 03월,"28,800",9.2,https://image.yes24.com/goods/70969329/L,70969329
파이썬으로 배우는 알고리즘 트레이딩,조대표,위키북스,2019년 03월,"36,000",9,https://image.yes24.com/goods/70804948/L,70804948
파이썬과 케라스를 이용한 딥러닝/강화학습 주식투자,퀀티랩,위키북스,2020년 04월,"25,200",8,https://image.yes24.com/goods/89999978/L,89999978
컴퓨팅 사고를 위한 파이썬,한선관,생능출판사,2019년 02월,"27,550",,https://image.yes24.com/goods/70140586/L,70140586
파이썬을 이용한 웹 크롤링과 스크레이핑,카토 코타,위키북스,2018년 03월,"27,000",,https://image.yes24.com/goods/59307498/L,59307498
파이썬 네트워크 프로그래밍,서열규,복두출판사,2020년 03월,"27,000",,https://image.yes24.com/goods/90428642/L,90428642
처음 만나는 알고리즘 + 처음 만나는 파이썬,,제이펍,2017년 04월,"36,900",9.2,https://image.yes24.com/goods/41733133/L,41733133
데이터 전처리 대전,모토하시 도모미쓰,한빛미디어,2019년 11월,"27,000",8.7,https://image.yes24.com/goods/80771725/L,80771725
파이썬을 이용한 통계적 머신러닝,박유성,자유아카데미,2021년 02월,"32,000",,https://image.yes24.com/goods/97684463/L,97684463
파이썬으로 다시 배우는 핵심 고등 수학,타니지리 카오리,위키북스,2019년 11월,"22,500",8,https://image.yes24.com/goods/80909273/L,80909273
파이썬으로 만드는 암호화폐 자동 거래 시스템,박재현,위키북스,2018년 04월,"22,500",,https://image.yes24.com/goods/60203451/L,60203451
파이썬을 활용한 금융 분석,이브 힐피시,한빛미디어,2016년 06월,"37,800",8,https://image.yes24.com/goods/27727661/L,27727661
Hello Coding 한입에 쏙 파이썬,김왼손,한빛미디어,2018년 06월,"13,500",9.3,https://image.yes24.com/goods/61410302/L,61410302
스타트 파이썬,황재호,(주)코딩스쿨,2018년 09월,"17,100",10,https://image.yes24.com/goods/63791787/L,63791787
문과생을 위한 파이썬,홍성인,인디라이프,2020년 07월,"16,650",9.7,https://image.yes24.com/goods/90981956/L,90981956
머신 러닝 부트캠프 with 파이썬,주식회사 시스템 계획 연구소,길벗,2018년 05월,"19,800",9,https://image.yes24.com/goods/60897073/L,60897073
파이썬으로 배우는 블록체인 구조와 이론,조성현,위키북스,2019년 05월,"24,300",,https://image.yes24.com/goods/72227615/L,72227615
순서도로 배우는 파이썬,김종훈,다올미디어,2016년 06월,"15,300",,https://image.yes24.com/goods/28344646/L,28344646
비전공자의데이터분석을위한 파이썬기초,염기원,복두출판사,2020년 08월,"15,000",,https://image.yes24.com/goods/92311051/L,92311051
파이썬 399 Step,문혜영,아이콕스(iCox),2022년 03월,"20,900",,https://image.yes24.com/goods/107888702/L,107888702
초등 교과수학코딩 with 파이썬,하우홍,BOOKK(부크크),2019년 05월,"15,700",,https://image.yes24.com/goods/74260204/L,74260204
한권으로 파이썬과 드론 날로 먹기,이현종,잇플ITPLE,2020년 07월,"16,200",9.8,https://image.yes24.com/goods/91160086/L,91160086
파이썬 프로그래밍,김영탁,홍릉과학출판사,2020년 01월,"34,000",,https://image.yes24.com/goods/86023334/L,86023334
파이썬 머신러닝,세바스티안 라슈카,지앤선(志&嬋),2017년 01월,"28,800",8.6,https://image.yes24.com/goods/35242117/L,35242117
파이썬3 바이블,이강성,프리렉,2013년 10월,"37,800",9,https://image.yes24.com/goods/11024087/L,11024087
코딩 부트캠프 with 파이썬,유모토 미치타카,길벗,2017년 12월,"18,000",8,https://image.yes24.com/goods/57521036/L,57521036
알기 쉬운 파이썬 SQL 코딩하기,정현희,크라운출판사,2020년 03월,"13,500",,https://image.yes24.com/goods/89469136/L,89469136
심플 파이썬,김동주,BOOKK(부크크),2019년 12월,"13,400",,https://image.yes24.com/goods/85118583/L,85118583
블록과 함께 하는 파이썬 딥러닝 케라스,김태영,디지털북스,2017년 09월,"22,500",6,https://image.yes24.com/goods/49867702/L,49867702
비주얼 코딩 스크래치&파이썬+비주얼 과학 패키지세트/전2권,,청어람아이(청어람미디어),2016년 12월,"37,440",,https://image.yes24.com/goods/38292137/L,38292137
파이썬,정재화,에피스테메(방송대출판문화원),2018년 03월,"33,250",,https://image.yes24.com/goods/59190151/L,59190151
파이썬을 사용한 프로그래밍 입문,채진석,정익사,2016년 03월,"23,000",,https://image.yes24.com/goods/24557224/L,24557224
그림으로 정리한 알고리즘과 자료구조,조민호,정보문화사,2018년 08월,"13,500",8.5,https://image.yes24.com/goods/62600107/L,62600107
최신 웹 개발 공략서,코가이 단,제이펍,2014년 05월,"23,400",8,https://image.yes24.com/goods/13141981/L,13141981
Microsoft Azure Machine Learning,로저 바르가,비제이퍼블릭(BJ퍼블릭),2016년 05월,"23,400",,https://image.yes24.com/goods/27642921/L,27642921
구글 앱 엔진 시작하기,박상엽,인사이트(insight),2010년 02월,"17,820",4.5,https://image.yes24.com/goods/3677443/L,3677443
The Python Standard Library by Example 한국어판,더그 헬먼,에이콘출판사,2012년 06월,"45,000",8,https://image.yes24.com/goods/7130016/L,7130016
Building Machine Learning Systems with Python 한국어판,윌리 리커트,에이콘출판사,2014년 03월,"27,000",,https://image.yes24.com/goods/12417738/L,12417738
누구나 파이썬 Python,민형기,잇플ITPLE,2019년 06월,"14,400",9.6,https://image.yes24.com/goods/74265360/L,74265360
예제 중심의 Python 파이썬,최용,인피니티북스,2011년 11월,"16,200",9.4,https://image.yes24.com/goods/5983602/L,5983602
빠르게 활용하는 Python 파이썬 3 프로그래밍,신호철,위키북스,2009년 06월,"23,400",8.6,https://image.yes24.com/goods/3432490/L,3432490
Python 파이썬,이강성,프리렉,2005년 08월,"31,500",9.8,https://image.yes24.com/goods/1783933/L,1783933
Python(파이썬),,프리렉,2003년 03월,"28,800",7.2,https://image.yes24.com/goods/344641/L,344641
왕초보를 위한 Python 파이썬 (Ver 2.2),,사이버출판사,2002년 04월,"12,600",9,https://image.yes24.com/goods/271163/L,271163
Let’s Start Coding with Raptor & Python (랩터 & 파이썬),김충석,이한미디어,2018년 12월,"22,800",,https://image.yes24.com/goods/67533913/L,67533913
Head First Python,폴 배리,한빛미디어,2011년 10월,"27,000",8.8,https://image.yes24.com/goods/5847218/L,5847218
Python으로 시작하는 빅데이터분석 및 인공지능,조준모,인피니티북스,2019년 08월,"24,000",,https://image.yes24.com/goods/78519548/L,78519548
Python Standard Library,,한빛미디어,2001년 09월,"18,000",10,https://image.yes24.com/goods/226321/L,226321
Getting Start Python,김영아,구민사,2016년 06월,"22,500",,https://image.yes24.com/goods/28470507/L,28470507
Head First Python,폴 배리,한빛미디어,2016년 03월,"16,200",,https://image.yes24.com/goods/25255425/L,25255425
Head First Python,폴 배리,한빛미디어,2017년 12월,"28,800",9,https://image.yes24.com/goods/57435424/L,57435424
MAYA Python 테크닉,한동일,비엘북스,2012년 05월,"35,100",,https://image.yes24.com/goods/7052861/L,7052861
Python How to Program,,피어슨에듀케이션코리아(PTG),2002년 12월,"40,500",6.6,https://image.yes24.com/goods/328443/L,328443
Python 예제로 배우는 OpenCV,Prateek Joshi,홍릉과학출판사,2017년 05월,"25,000",4,https://image.yes24.com/goods/41051389/L,41051389
Python 프로그래밍의 이해,창병모,교보문고,2017년 01월,"18,000",,https://image.yes24.com/goods/36107473/L,36107473
Python and Tkinter Programming,,인포북,2000년 11월,"25,200",,https://image.yes24.com/goods/171639/L,171639
Python 포켓 레퍼런스,,한빛미디어,2000년 10월,"4,140",,https://image.yes24.com/goods/163439/L,163439
Hello World Python 3,,느린생각,2018년 08월,"9,900",,https://image.yes24.com/goods/63693921/L,63693921
Python 프로그래밍 정복하기,강남오,북스홀릭퍼블리싱,2016년 02월,"22,500",,https://image.yes24.com/goods/24274944/L,24274944
파이썬과 OpenCV를 이용한 컴퓨터 비전 학습,알렉세이 스피쉐보이,에이콘출판사,2018년 11월,"31,500",8,https://image.yes24.com/goods/67022158/L,67022158
파이썬 라이브러리를 활용한 머신러닝,안드레아스 뮐러,한빛미디어,2017년 07월,"27,000",9.4,https://image.yes24.com/goods/42806875/L,42806875
"파이썬을 이용한 머신러닝, 딥러닝 실전 개발 입문",쿠지라 히코우즈쿠에,위키북스,2017년 06월,"27,000",9.5,https://image.yes24.com/goods/42496558/L,42496558
예제로 배우는 파이썬 데이터 시각화,이고 밀로바노빅,에이콘출판사,2017년 06월,"27,000",,https://image.yes24.com/goods/41809744/L,41809744
파이썬 데이터 시각화 마스터,키르시 라만,에이콘출판사,2017년 05월,"31,500",4,https://image.yes24.com/goods/39393201/L,39393201
나의 첫 파이썬,에릭 마테스,한빛미디어,2017년 05월,"27,000",8.7,https://image.yes24.com/goods/39011500/L,39011500
파이썬 웹 스크래핑,리차드 로손,에이콘출판사,2017년 04월,"18,000",,https://image.yes24.com/goods/38881567/L,38881567
파이썬으로 웹 크롤러 만들기,라이언 미첼,한빛미디어,2016년 12월,"21,600",9,https://image.yes24.com/goods/33469160/L,33469160
"머신 러닝 교과서 with 파이썬, 사이킷런, 텐서플로",세바스찬 라시카,길벗,2019년 05월,"29,700",8,https://image.yes24.com/goods/73270768/L,73270768
파이썬 시작하기,,한빛미디어,2001년 02월,"19,800",6.6,https://image.yes24.com/goods/183396/L,183396
파이썬 프로그래밍,John V. Guttag,홍릉과학출판사,2019년 02월,"29,000",,https://image.yes24.com/goods/71828222/L,71828222
"파이썬 더 쉽게, 더 깊게",츠지 신고,제이펍,2014년 09월,"23,400",7,https://image.yes24.com/goods/14422282/L,14422282
파이썬 로보틱스,렌틴 조셉,에이콘출판사,2016년 05월,"27,000",,https://image.yes24.com/goods/27583988/L,27583988
고성능 파이썬 프로그래밍,가브리엘레 라나로,에이콘출판사,2016년 04월,"10,800",,https://image.yes24.com/goods/25965053/L,25965053
처음 시작하는 파이썬,빌 루바노빅,한빛미디어,2015년 12월,"27,000",8,https://image.yes24.com/goods/23335438/L,23335438
파이썬 네트워킹 마스터,에릭 추,에이콘출판사,2018년 05월,"31,500",,https://image.yes24.com/goods/60820836/L,60820836
파이썬 라이브러리를 활용한 데이터 분석,웨스 맥키니,한빛미디어,2013년 10월,"29,700",8.7,https://image.yes24.com/goods/11043328/L,11043328
코딩 클럽 LV1. 모두를 위한 파이썬 기초,크리스 로피,한빛미디어,2015년 09월,"9,000",,https://image.yes24.com/goods/20052349/L,20052349
라즈베리 파이 프로그래밍,사이먼 몽크,제이펍,2016년 02월,"17,100",,https://image.yes24.com/goods/24525043/L,24525043
라즈베리 파이 프로그래밍,사이먼 몽크,제이펍,2013년 09월,"16,200",2,https://image.yes24.com/goods/11028520/L,11028520
Pandas Cookbook,시어도어 페트로우,에이콘출판사,2018년 03월,"36,000",8,https://image.yes24.com/goods/59396107/L,59396107
데이터 분석 따라하기,정철용,북넷,2020년 08월,"19,000",,https://image.yes24.com/goods/91860719/L,91860719
스타트업 ICDL 컴퓨팅 파이썬,박우창,PUBLS(퍼블스),2019년 11월,"19,000",,https://image.yes24.com/goods/89745323/L,89745323
대학생을 위한 파이썬 프로그래밍,크리스 로피,한빛아카데미,2016년 02월,"22,000",,https://image.yes24.com/goods/24340775/L,24340775
파이썬 for Beginner,우재남,한빛아카데미,2017년 11월,"23,000",,https://image.yes24.com/goods/57430532/L,57430532
파이썬 코딩의 기술,브렛 슬라킨,길벗,2016년 03월,"21,600",9.1,https://image.yes24.com/goods/25138160/L,25138160
해킹 입문자를 위한 TCP/IP 이론과 보안,오동진,에이콘출판사,2016년 04월,"22,500",9,https://image.yes24.com/goods/26041605/L,26041605
"데이터 과학자, 무엇을 배울 것인가",사토 히로유키,제이펍,2014년 06월,"21,600",6,https://image.yes24.com/goods/13491306/L,13491306
빅데이터 활용서 2,김경태,시대인,2016년 10월,"24,300",9.7,https://image.yes24.com/goods/32381852/L,32381852
텐서플로 入門(입문),잔카를로 자코네,에이콘출판사,2016년 10월,"18,000",9.4,https://image.yes24.com/goods/32697595/L,32697595
암호와 해킹,장삼용,정보문화사,2016년 07월,"19,800",9.4,https://image.yes24.com/goods/29255947/L,29255947
"해커의 언어, 치명적 파이썬",TJ 오코너,비제이퍼블릭(BJ퍼블릭),2013년 02월,"21,600",6.6,https://image.yes24.com/goods/8433461/L,8433461
빠르게 활용하는 파이썬 3.2 프로그래밍,신호철,위키북스,2012년 04월,"25,200",8,https://image.yes24.com/goods/6687985/L,6687985
Let's 실전 예제로 배우는 파이썬 프로그래밍,김진성,아이비김영,2020년 06월,"20,900",,https://image.yes24.com/goods/91236542/L,91236542
Step by Step 파이썬 비즈니스 통계분석,김형수,프레딕스,2020년 07월,"32,000",,https://image.yes24.com/goods/90400180/L,90400180
Step by Step 비즈니스 머신러닝 in 파이썬,김형수,프레딕스,2020년 05월,"32,000",,https://image.yes24.com/goods/90165279/L,90165279
파이썬 연습,김기용,그린 (윤덕우),2020년 02월,"26,000",,https://image.yes24.com/goods/89510536/L,89510536
파이썬을 이용한 통계적 머신러닝,박유성,자유아카데미,2020년 02월,"29,000",,https://image.yes24.com/goods/89140490/L,89140490
파이썬과 케라스로 배우는 강화학습,이웅원,위키북스,2017년 07월,"24,300",7.7,https://image.yes24.com/goods/44136413/L,44136413
파이썬 네트워크 프로그래밍,서열규,복두출판사,2020년 01월,"26,000",,https://image.yes24.com/goods/86009533/L,86009533
직장인을 위한 데이터 분석 실무 with 파이썬,이형석,위키북스,2020년 01월,"24,300",5.5,https://image.yes24.com/goods/85435138/L,85435138
CORE 파이썬 프로그래밍,,피어슨에듀케이션코리아(PTG),2002년 05월,"22,500",8,https://image.yes24.com/goods/279155/L,279155
파이썬 데이터 시각화의 입문과 활용 세트,키르시 라만,에이콘출판사,2017년 06월,"52,200",,https://image.yes24.com/goods/42510923/L,42510923
파이썬으로 배우는 알고리즘 트레이딩,조대표,위키북스,2017년 05월,"36,000",8.3,https://image.yes24.com/goods/39859885/L,39859885
파이썬 웹 프로그래밍,김석훈,한빛미디어,2015년 04월,"18,000",6.7,https://image.yes24.com/goods/17295239/L,17295239
C#과 파이썬을 활용한 OpenCV 4 프로그래밍,윤대희,위키북스,2019년 08월,"31,500",,https://image.yes24.com/goods/77186885/L,77186885
똑똑한 파이썬,황재호,(주)코딩스쿨,2019년 07월,"11,700",9.6,https://image.yes24.com/goods/73164726/L,73164726
파이썬을 활용한 부동산 데이터 분석,박준규,위키북스,2019년 05월,"22,500",,https://image.yes24.com/goods/73090891/L,73090891
자기주도 파이썬,김동규,복두출판사,2019년 04월,"15,000",,https://image.yes24.com/goods/72214838/L,72214838
파이썬 프로그래밍,강남오,북스홀릭퍼블리싱,2014년 10월,"22,500",,https://image.yes24.com/goods/14639143/L,14639143
실무에 바로 적용 할 수 있는 파이썬,김유진,다본,2019년 04월,"22,500",,https://image.yes24.com/goods/71922874/L,71922874
파이썬과 함께 배우는 신호와 시스템,남승현,홍릉과학출판사,2019년 03월,"28,000",9,https://image.yes24.com/goods/71828244/L,71828244
"파이썬을 이용한 머신러닝, 딥러닝 실전 앱 개발",쿠지라 히코우즈쿠에,위키북스,2019년 03월,"24,300",10,https://image.yes24.com/goods/71051687/L,71051687
파이썬을 이용한 비트코인 자동매매,유대표,파이스탁,2019년 02월,"18,000",8,https://image.yes24.com/goods/69773561/L,69773561
파이썬 머신러닝 완벽 가이드,권철민,위키북스,2019년 02월,"34,200",9.2,https://image.yes24.com/goods/69752484/L,69752484
파이썬을 활용한 베이지안 통계,앨런 B. 다우니,한빛미디어,2014년 07월,"16,200",8.4,https://image.yes24.com/goods/13834849/L,13834849
고성능 파이썬,미샤 고렐릭,한빛미디어,2016년 08월,"27,000",9.1,https://image.yes24.com/goods/30231783/L,30231783
"파이썬 웹 프로그래밍, 실전편",김석훈,한빛미디어,2016년 07월,"27,000",8.1,https://image.yes24.com/goods/29331035/L,29331035
모두의 라즈베리 파이 with 파이썬,이시이 모루나,길벗,2016년 06월,"22,500",9.4,https://image.yes24.com/goods/28191613/L,28191613
파이썬 웹 프로그래밍,주성식,위키북스,2016년 05월,"22,500",8,https://image.yes24.com/goods/27848133/L,27848133
모두의 파이썬,이승찬,길벗,2016년 05월,"10,800",9.4,https://image.yes24.com/goods/26876433/L,26876433
파이썬 라이브러리 레시피,이케우치 다카히로,프리렉,2016년 04월,"22,500",,https://image.yes24.com/goods/25962731/L,25962731
헬로! 파이썬 프로그래밍,워렌 산데,위키북스,2014년 02월,"22,500",,https://image.yes24.com/goods/12156977/L,12156977
왕초보! 파이썬 배워 크롤러 DIY 하다!,서진수,더알음,2016년 03월,"27,550",8.8,https://image.yes24.com/goods/24945293/L,24945293
Do it! 점프 투 파이썬,박응용,이지스퍼블리싱,2016년 03월,"16,920",9.2,https://image.yes24.com/goods/24567417/L,24567417
파이썬 웹 프로그래밍,주성식,위키북스,2014년 01월,"22,500",7.7,https://image.yes24.com/goods/11934710/L,11934710
데이터 분석을 위한 파이썬 철저 입문,최은석,위키북스,2018년 08월,"24,300",5,https://image.yes24.com/goods/63033697/L,63033697
Step by Step 파이썬 비즈니스 통계분석,김형수,프레딕스,2021년 11월,"32,000",,https://image.yes24.com/goods/105629597/L,105629597
스타트 업 파이썬,이지선,성안당,2018년 06월,"22,500",9.6,https://image.yes24.com/goods/61396007/L,61396007
슬기로운 코딩 생활 with 파이썬 으랏차차 기초편,김정욱,루비페이퍼,2018년 05월,"16,200",9.5,https://image.yes24.com/goods/61011742/L,61011742
파이썬과 케라스를 이용한 딥러닝/강화학습 주식투자,김문권,위키북스,2018년 05월,"22,500",6.3,https://image.yes24.com/goods/60890714/L,60890714
파이썬으로 배우는 컴퓨팅 사고,김진일,연두에디션,2017년 12월,"21,000",,https://image.yes24.com/goods/59273631/L,59273631
파이썬,Y. DANIEL LIANG,생능출판사,2016년 02월,"35,000",,https://image.yes24.com/goods/20181744/L,20181744
파파와 파이썬,Scion K,아이캔디,2018년 02월,"21,600",,https://image.yes24.com/goods/58667541/L,58667541
비공대생을 위한 코딩 첫걸음 with 파이썬,김일민,한성대학교출판부,2020년 09월,"18,000",,https://image.yes24.com/goods/92419712/L,92419712
파이썬으로 배우는 실전 알고리즘,마시모 디 피에로,프리렉,2015년 07월,"25,200",8,https://image.yes24.com/goods/19077576/L,19077576
예제로 쉽게 배우는 파이썬 프로그래밍,김상근,다올미디어,2020년 08월,"19,800",,https://image.yes24.com/goods/92099428/L,92099428
Hello Coding 파이썬,윤인성,한빛미디어,2018년 01월,"16,920",9,https://image.yes24.com/goods/57556147/L,57556147
파이 썬,,프리렉,2002년 03월,"28,800",,https://image.yes24.com/goods/267383/L,267383
Head First Programming,폴 배리,한빛미디어,2011년 03월,"23,400",8.4,https://image.yes24.com/goods/4785949/L,4785949
MySQL 시스템 관리와 프로그래밍,,한빛미디어,2002년 10월,"22,500",7,https://image.yes24.com/goods/309373/L,309373
반갑다 코딩!,히웰 카버,킨더랜드,2017년 01월,"14,060",,https://image.yes24.com/goods/35096239/L,35096239
전문가를 위한 머신러닝 솔루션,잘라지 트하나키,위키북스,2019년 06월,"31,500",7,https://image.yes24.com/goods/74298103/L,74298103
컴퓨팅 사고와 창의적 코딩,조대제,인피니티북스,2019년 02월,"20,000",,https://image.yes24.com/goods/70748848/L,70748848
플라스크 웹 개발,미구엘 그린버그,비제이퍼블릭(BJ퍼블릭),2016년 08월,"23,400",4,https://image.yes24.com/goods/30669136/L,30669136
나의 첫 머신러닝/딥러닝,허민석,위키북스,2019년 01월,"23,400",10,https://image.yes24.com/goods/67745857/L,67745857
사물인터넷을 품은 라즈베리 파이,김성우,제이펍,2016년 01월,"27,000",8,https://image.yes24.com/goods/23897967/L,23897967
일 잘하는 평사원의 업무 자동화,이태화,프리렉,2018년 05월,"22,500",,https://image.yes24.com/goods/60745026/L,60745026
2018 빅데이터 활용서 2,김경태,시대인,2018년 02월,"24,300",8.8,https://image.yes24.com/goods/57704745/L,57704745
